,index,entity_id,event_type,event,time,pathway,run_number,timestamp,resource_id,rank,snapshot_time,x,y_final,label,resource,x_final,row,y,icon
0,19,4,queue,depart,18.4194677394744,,,,,2.0,24,250,50.0,Exit,,230.0,0.0,,🧑🏻
1,32,8,queue,depart,27.831264304760506,,,,,2.0,33,250,50.0,Exit,,230.0,0.0,,👩🏼‍🦳
2,35,7,queue,depart,30.007854487798955,,,,,1.0,36,250,50.0,Exit,,250.0,0.0,,👳🏽
3,63,16,queue,depart,42.03568173522282,,,,,2.0,48,250,50.0,Exit,,230.0,0.0,,👴🏾
4,64,12,queue,depart,42.18166517042905,,,,,1.0,48,250,50.0,Exit,,250.0,0.0,,👨🏼‍🔬
5,65,15,queue,depart,44.26048973694137,,,,,1.0,50,250,50.0,Exit,,250.0,0.0,,👨🏼‍🦽
6,66,17,queue,depart,44.456233053672946,,,,,2.0,50,250,50.0,Exit,,230.0,0.0,,👨🏼‍🦱
7,72,13,queue,depart,45.657815854327325,,,,,1.0,51,250,50.0,Exit,,250.0,0.0,,👩🏻‍🦰
8,81,18,queue,depart,48.50071322778104,,,,,1.0,54,250,50.0,Exit,,250.0,0.0,,👷🏾
9,88,19,queue,depart,50.80152602416442,,,,,1.0,56,250,50.0,Exit,,250.0,0.0,,👧🏿
10,97,22,queue,depart,56.380178622005765,,,,,1.0,62,250,50.0,Exit,,250.0,0.0,,🧔🏾
11,103,26,queue,depart,61.04424226439679,,,,,1.0,67,250,50.0,Exit,,250.0,0.0,,👨🏿‍🦰
12,107,21,queue,depart,63.121780422598974,,,,,1.0,69,250,50.0,Exit,,250.0,0.0,,👩🏻‍🦲
13,108,23,queue,depart,65.24884051664057,,,,,1.0,71,250,50.0,Exit,,250.0,0.0,,🧕🏻
14,112,25,queue,depart,66.77338243184586,,,,,1.0,72,250,50.0,Exit,,250.0,0.0,,👨🏾‍🦲
15,118,24,queue,depart,69.10108085307948,,,,,1.0,75,250,50.0,Exit,,250.0,0.0,,👨🏾‍🎓
16,119,27,queue,depart,69.642709658119,,,,,2.0,75,250,50.0,Exit,,230.0,0.0,,🙍🏼‍♂️
17,125,30,queue,depart,74.27413159478866,,,,,1.0,80,250,50.0,Exit,,250.0,0.0,,👨🏿‍🦽
18,133,31,queue,depart,79.90044252902311,,,,,1.0,85,250,50.0,Exit,,250.0,0.0,,👩🏼‍🦳
19,134,29,queue,depart,80.42239889056839,,,,,1.0,86,250,50.0,Exit,,250.0,0.0,,👩🏻‍🔧
20,139,32,queue,depart,84.71464885003905,,,,,1.0,90,250,50.0,Exit,,250.0,0.0,,👩🏼‍🦼
21,142,33,queue,depart,85.57556710600008,,,,,1.0,91,250,50.0,Exit,,250.0,0.0,,🙋🏽‍♂️
22,164,37,queue,depart,100.11800132074589,,,,,1.0,106,250,50.0,Exit,,250.0,0.0,,👶🏾
23,175,39,queue,depart,108.80285620332981,,,,,1.0,114,250,50.0,Exit,,250.0,0.0,,🙎🏿‍♀️
24,178,43,queue,depart,109.31521851779567,,,,,2.0,115,250,50.0,Exit,,230.0,0.0,,👩🏽
25,179,41,queue,depart,110.24753639872338,,,,,1.0,116,250,50.0,Exit,,250.0,0.0,,👴🏿
26,180,40,queue,depart,112.29379256934993,,,,,1.0,118,250,50.0,Exit,,250.0,0.0,,👶🏻
27,181,42,queue,depart,112.74510304761174,,,,,2.0,118,250,50.0,Exit,,230.0,0.0,,👨🏻‍🦳
28,201,47,queue,depart,128.57838493155757,,,,,1.0,134,250,50.0,Exit,,250.0,0.0,,👱🏻‍♀️
29,214,48,queue,depart,136.60272312295294,,,,,1.0,142,250,50.0,Exit,,250.0,0.0,,👲🏼
30,227,53,queue,depart,143.50762540318962,,,,,1.0,149,250,50.0,Exit,,250.0,0.0,,🤦🏻‍♂️
31,231,54,queue,depart,144.06345034819066,,,,,1.0,150,250,50.0,Exit,,250.0,0.0,,👩🏽‍🦰
32,234,51,queue,depart,146.8460713965423,,,,,1.0,152,250,50.0,Exit,,250.0,0.0,,🧔🏿
33,239,52,queue,depart,149.63899512498267,,,,,1.0,155,250,50.0,Exit,,250.0,0.0,,👳🏿
34,242,55,queue,depart,151.13241137561693,,,,,1.0,157,250,50.0,Exit,,250.0,0.0,,👨🏼‍✈️
35,255,56,queue,depart,155.88206210120583,,,,,1.0,161,250,50.0,Exit,,250.0,0.0,,👨🏾‍🦲
36,263,57,queue,depart,158.20670809264743,,,,,1.0,164,250,50.0,Exit,,250.0,0.0,,🧍🏾‍♂️
37,267,61,queue,depart,164.85115047702217,,,,,1.0,170,250,50.0,Exit,,250.0,0.0,,👱🏾‍♂️
38,275,64,queue,depart,166.3569778170222,,,,,2.0,172,250,50.0,Exit,,230.0,0.0,,🤵🏿
39,276,63,queue,depart,166.90157215249096,,,,,1.0,172,250,50.0,Exit,,250.0,0.0,,👵🏼
40,281,60,queue,depart,168.56120706822048,,,,,1.0,174,250,50.0,Exit,,250.0,0.0,,👨🏿‍🔧
41,282,65,queue,depart,169.38401757547433,,,,,1.0,175,250,50.0,Exit,,250.0,0.0,,🤦🏾‍♀️
42,288,62,queue,depart,172.47740130501447,,,,,1.0,178,250,50.0,Exit,,250.0,0.0,,👨🏼‍🎓
43,295,70,queue,depart,174.92257862725234,,,,,1.0,180,250,50.0,Exit,,250.0,0.0,,👩🏾‍🔬
44,19,4,queue,reneging,18.4194677394744,,,,,1.0,19,250,225.0,Reneging,,250.0,0.0,,🧑🏻
45,19,4,queue,reneging,18.4194677394744,,,,,1.0,20,250,225.0,Reneging,,250.0,0.0,,🧑🏻
46,19,4,queue,reneging,18.4194677394744,,,,,1.0,21,250,225.0,Reneging,,250.0,0.0,,🧑🏻
47,19,4,queue,reneging,18.4194677394744,,,,,1.0,22,250,225.0,Reneging,,250.0,0.0,,🧑🏻
48,19,4,queue,reneging,18.4194677394744,,,,,1.0,23,250,225.0,Reneging,,250.0,0.0,,🧑🏻
49,32,8,queue,reneging,27.831264304760506,,,,,1.0,28,250,225.0,Reneging,,250.0,0.0,,👩🏼‍🦳
50,32,8,queue,reneging,27.831264304760506,,,,,1.0,29,250,225.0,Reneging,,250.0,0.0,,👩🏼‍🦳
51,32,8,queue,reneging,27.831264304760506,,,,,1.0,30,250,225.0,Reneging,,250.0,0.0,,👩🏼‍🦳
52,32,8,queue,reneging,27.831264304760506,,,,,1.0,31,250,225.0,Reneging,,250.0,0.0,,👩🏼‍🦳
53,35,7,queue,reneging,30.007854487798955,,,,,2.0,31,250,225.0,Reneging,,230.0,0.0,,👳🏽
54,32,8,queue,reneging,27.831264304760506,,,,,1.0,32,250,225.0,Reneging,,250.0,0.0,,👩🏼‍🦳
55,35,7,queue,reneging,30.007854487798955,,,,,2.0,32,250,225.0,Reneging,,230.0,0.0,,👳🏽
56,35,7,queue,reneging,30.007854487798955,,,,,1.0,33,250,225.0,Reneging,,250.0,0.0,,👳🏽
57,35,7,queue,reneging,30.007854487798955,,,,,1.0,34,250,225.0,Reneging,,250.0,0.0,,👳🏽
58,35,7,queue,reneging,30.007854487798955,,,,,1.0,35,250,225.0,Reneging,,250.0,0.0,,👳🏽
59,63,16,queue,reneging,42.03568173522282,,,,,1.0,43,250,225.0,Reneging,,250.0,0.0,,👴🏾
60,64,12,queue,reneging,42.18166517042905,,,,,2.0,43,250,225.0,Reneging,,230.0,0.0,,👨🏼‍🔬
61,63,16,queue,reneging,42.03568173522282,,,,,1.0,44,250,225.0,Reneging,,250.0,0.0,,👴🏾
62,64,12,queue,reneging,42.18166517042905,,,,,2.0,44,250,225.0,Reneging,,230.0,0.0,,👨🏼‍🔬
63,63,16,queue,reneging,42.03568173522282,,,,,1.0,45,250,225.0,Reneging,,250.0,0.0,,👴🏾
64,64,12,queue,reneging,42.18166517042905,,,,,2.0,45,250,225.0,Reneging,,230.0,0.0,,👨🏼‍🔬
65,65,15,queue,reneging,44.26048973694137,,,,,3.0,45,250,225.0,Reneging,,210.0,0.0,,👨🏼‍🦽
66,66,17,queue,reneging,44.456233053672946,,,,,4.0,45,250,225.0,Reneging,,190.0,0.0,,👨🏼‍🦱
67,63,16,queue,reneging,42.03568173522282,,,,,1.0,46,250,225.0,Reneging,,250.0,0.0,,👴🏾
68,64,12,queue,reneging,42.18166517042905,,,,,2.0,46,250,225.0,Reneging,,230.0,0.0,,👨🏼‍🔬
69,65,15,queue,reneging,44.26048973694137,,,,,3.0,46,250,225.0,Reneging,,210.0,0.0,,👨🏼‍🦽
70,66,17,queue,reneging,44.456233053672946,,,,,4.0,46,250,225.0,Reneging,,190.0,0.0,,👨🏼‍🦱
71,72,13,queue,reneging,45.657815854327325,,,,,5.0,46,250,225.0,Reneging,,170.0,0.0,,👩🏻‍🦰
72,63,16,queue,reneging,42.03568173522282,,,,,1.0,47,250,225.0,Reneging,,250.0,0.0,,👴🏾
73,64,12,queue,reneging,42.18166517042905,,,,,2.0,47,250,225.0,Reneging,,230.0,0.0,,👨🏼‍🔬
74,65,15,queue,reneging,44.26048973694137,,,,,3.0,47,250,225.0,Reneging,,210.0,0.0,,👨🏼‍🦽
75,66,17,queue,reneging,44.456233053672946,,,,,4.0,47,250,225.0,Reneging,,190.0,0.0,,👨🏼‍🦱
76,72,13,queue,reneging,45.657815854327325,,,,,5.0,47,250,225.0,Reneging,,170.0,0.0,,👩🏻‍🦰
77,65,15,queue,reneging,44.26048973694137,,,,,1.0,48,250,225.0,Reneging,,250.0,0.0,,👨🏼‍🦽
78,66,17,queue,reneging,44.456233053672946,,,,,2.0,48,250,225.0,Reneging,,230.0,0.0,,👨🏼‍🦱
79,72,13,queue,reneging,45.657815854327325,,,,,3.0,48,250,225.0,Reneging,,210.0,0.0,,👩🏻‍🦰
80,65,15,queue,reneging,44.26048973694137,,,,,1.0,49,250,225.0,Reneging,,250.0,0.0,,👨🏼‍🦽
81,66,17,queue,reneging,44.456233053672946,,,,,2.0,49,250,225.0,Reneging,,230.0,0.0,,👨🏼‍🦱
82,72,13,queue,reneging,45.657815854327325,,,,,3.0,49,250,225.0,Reneging,,210.0,0.0,,👩🏻‍🦰
83,81,18,queue,reneging,48.50071322778104,,,,,4.0,49,250,225.0,Reneging,,190.0,0.0,,👷🏾
84,72,13,queue,reneging,45.657815854327325,,,,,1.0,50,250,225.0,Reneging,,250.0,0.0,,👩🏻‍🦰
85,81,18,queue,reneging,48.50071322778104,,,,,2.0,50,250,225.0,Reneging,,230.0,0.0,,👷🏾
86,81,18,queue,reneging,48.50071322778104,,,,,1.0,51,250,225.0,Reneging,,250.0,0.0,,👷🏾
87,88,19,queue,reneging,50.80152602416442,,,,,2.0,51,250,225.0,Reneging,,230.0,0.0,,👧🏿
88,81,18,queue,reneging,48.50071322778104,,,,,1.0,52,250,225.0,Reneging,,250.0,0.0,,👷🏾
89,88,19,queue,reneging,50.80152602416442,,,,,2.0,52,250,225.0,Reneging,,230.0,0.0,,👧🏿
90,81,18,queue,reneging,48.50071322778104,,,,,1.0,53,250,225.0,Reneging,,250.0,0.0,,👷🏾
91,88,19,queue,reneging,50.80152602416442,,,,,2.0,53,250,225.0,Reneging,,230.0,0.0,,👧🏿
92,88,19,queue,reneging,50.80152602416442,,,,,1.0,54,250,225.0,Reneging,,250.0,0.0,,👧🏿
93,88,19,queue,reneging,50.80152602416442,,,,,1.0,55,250,225.0,Reneging,,250.0,0.0,,👧🏿
94,97,22,queue,reneging,56.380178622005765,,,,,1.0,57,250,225.0,Reneging,,250.0,0.0,,🧔🏾
95,97,22,queue,reneging,56.380178622005765,,,,,1.0,58,250,225.0,Reneging,,250.0,0.0,,🧔🏾
96,97,22,queue,reneging,56.380178622005765,,,,,1.0,59,250,225.0,Reneging,,250.0,0.0,,🧔🏾
97,97,22,queue,reneging,56.380178622005765,,,,,1.0,60,250,225.0,Reneging,,250.0,0.0,,🧔🏾
98,97,22,queue,reneging,56.380178622005765,,,,,1.0,61,250,225.0,Reneging,,250.0,0.0,,🧔🏾
99,103,26,queue,reneging,61.04424226439679,,,,,1.0,62,250,225.0,Reneging,,250.0,0.0,,👨🏿‍🦰
100,103,26,queue,reneging,61.04424226439679,,,,,1.0,63,250,225.0,Reneging,,250.0,0.0,,👨🏿‍🦰
101,103,26,queue,reneging,61.04424226439679,,,,,1.0,64,250,225.0,Reneging,,250.0,0.0,,👨🏿‍🦰
102,107,21,queue,reneging,63.121780422598974,,,,,2.0,64,250,225.0,Reneging,,230.0,0.0,,👩🏻‍🦲
103,103,26,queue,reneging,61.04424226439679,,,,,1.0,65,250,225.0,Reneging,,250.0,0.0,,👨🏿‍🦰
104,107,21,queue,reneging,63.121780422598974,,,,,2.0,65,250,225.0,Reneging,,230.0,0.0,,👩🏻‍🦲
105,103,26,queue,reneging,61.04424226439679,,,,,1.0,66,250,225.0,Reneging,,250.0,0.0,,👨🏿‍🦰
106,107,21,queue,reneging,63.121780422598974,,,,,2.0,66,250,225.0,Reneging,,230.0,0.0,,👩🏻‍🦲
107,108,23,queue,reneging,65.24884051664057,,,,,3.0,66,250,225.0,Reneging,,210.0,0.0,,🧕🏻
108,107,21,queue,reneging,63.121780422598974,,,,,1.0,67,250,225.0,Reneging,,250.0,0.0,,👩🏻‍🦲
109,108,23,queue,reneging,65.24884051664057,,,,,2.0,67,250,225.0,Reneging,,230.0,0.0,,🧕🏻
110,112,25,queue,reneging,66.77338243184586,,,,,3.0,67,250,225.0,Reneging,,210.0,0.0,,👨🏾‍🦲
111,107,21,queue,reneging,63.121780422598974,,,,,1.0,68,250,225.0,Reneging,,250.0,0.0,,👩🏻‍🦲
112,108,23,queue,reneging,65.24884051664057,,,,,2.0,68,250,225.0,Reneging,,230.0,0.0,,🧕🏻
113,112,25,queue,reneging,66.77338243184586,,,,,3.0,68,250,225.0,Reneging,,210.0,0.0,,👨🏾‍🦲
114,108,23,queue,reneging,65.24884051664057,,,,,1.0,69,250,225.0,Reneging,,250.0,0.0,,🧕🏻
115,112,25,queue,reneging,66.77338243184586,,,,,2.0,69,250,225.0,Reneging,,230.0,0.0,,👨🏾‍🦲
116,108,23,queue,reneging,65.24884051664057,,,,,1.0,70,250,225.0,Reneging,,250.0,0.0,,🧕🏻
117,112,25,queue,reneging,66.77338243184586,,,,,2.0,70,250,225.0,Reneging,,230.0,0.0,,👨🏾‍🦲
118,118,24,queue,reneging,69.10108085307948,,,,,3.0,70,250,225.0,Reneging,,210.0,0.0,,👨🏾‍🎓
119,119,27,queue,reneging,69.642709658119,,,,,4.0,70,250,225.0,Reneging,,190.0,0.0,,🙍🏼‍♂️
120,112,25,queue,reneging,66.77338243184586,,,,,1.0,71,250,225.0,Reneging,,250.0,0.0,,👨🏾‍🦲
121,118,24,queue,reneging,69.10108085307948,,,,,2.0,71,250,225.0,Reneging,,230.0,0.0,,👨🏾‍🎓
122,119,27,queue,reneging,69.642709658119,,,,,3.0,71,250,225.0,Reneging,,210.0,0.0,,🙍🏼‍♂️
123,118,24,queue,reneging,69.10108085307948,,,,,1.0,72,250,225.0,Reneging,,250.0,0.0,,👨🏾‍🎓
124,119,27,queue,reneging,69.642709658119,,,,,2.0,72,250,225.0,Reneging,,230.0,0.0,,🙍🏼‍♂️
125,118,24,queue,reneging,69.10108085307948,,,,,1.0,73,250,225.0,Reneging,,250.0,0.0,,👨🏾‍🎓
126,119,27,queue,reneging,69.642709658119,,,,,2.0,73,250,225.0,Reneging,,230.0,0.0,,🙍🏼‍♂️
127,118,24,queue,reneging,69.10108085307948,,,,,1.0,74,250,225.0,Reneging,,250.0,0.0,,👨🏾‍🎓
128,119,27,queue,reneging,69.642709658119,,,,,2.0,74,250,225.0,Reneging,,230.0,0.0,,🙍🏼‍♂️
129,125,30,queue,reneging,74.27413159478866,,,,,1.0,75,250,225.0,Reneging,,250.0,0.0,,👨🏿‍🦽
130,125,30,queue,reneging,74.27413159478866,,,,,1.0,76,250,225.0,Reneging,,250.0,0.0,,👨🏿‍🦽
131,125,30,queue,reneging,74.27413159478866,,,,,1.0,77,250,225.0,Reneging,,250.0,0.0,,👨🏿‍🦽
132,125,30,queue,reneging,74.27413159478866,,,,,1.0,78,250,225.0,Reneging,,250.0,0.0,,👨🏿‍🦽
133,125,30,queue,reneging,74.27413159478866,,,,,1.0,79,250,225.0,Reneging,,250.0,0.0,,👨🏿‍🦽
134,133,31,queue,reneging,79.90044252902311,,,,,1.0,80,250,225.0,Reneging,,250.0,0.0,,👩🏼‍🦳
135,133,31,queue,reneging,79.90044252902311,,,,,1.0,81,250,225.0,Reneging,,250.0,0.0,,👩🏼‍🦳
136,134,29,queue,reneging,80.42239889056839,,,,,2.0,81,250,225.0,Reneging,,230.0,0.0,,👩🏻‍🔧
137,133,31,queue,reneging,79.90044252902311,,,,,1.0,82,250,225.0,Reneging,,250.0,0.0,,👩🏼‍🦳
138,134,29,queue,reneging,80.42239889056839,,,,,2.0,82,250,225.0,Reneging,,230.0,0.0,,👩🏻‍🔧
139,133,31,queue,reneging,79.90044252902311,,,,,1.0,83,250,225.0,Reneging,,250.0,0.0,,👩🏼‍🦳
140,134,29,queue,reneging,80.42239889056839,,,,,2.0,83,250,225.0,Reneging,,230.0,0.0,,👩🏻‍🔧
141,133,31,queue,reneging,79.90044252902311,,,,,1.0,84,250,225.0,Reneging,,250.0,0.0,,👩🏼‍🦳
142,134,29,queue,reneging,80.42239889056839,,,,,2.0,84,250,225.0,Reneging,,230.0,0.0,,👩🏻‍🔧
143,134,29,queue,reneging,80.42239889056839,,,,,1.0,85,250,225.0,Reneging,,250.0,0.0,,👩🏻‍🔧
144,139,32,queue,reneging,84.71464885003905,,,,,2.0,85,250,225.0,Reneging,,230.0,0.0,,👩🏼‍🦼
145,139,32,queue,reneging,84.71464885003905,,,,,1.0,86,250,225.0,Reneging,,250.0,0.0,,👩🏼‍🦼
146,142,33,queue,reneging,85.57556710600008,,,,,2.0,86,250,225.0,Reneging,,230.0,0.0,,🙋🏽‍♂️
147,139,32,queue,reneging,84.71464885003905,,,,,1.0,87,250,225.0,Reneging,,250.0,0.0,,👩🏼‍🦼
148,142,33,queue,reneging,85.57556710600008,,,,,2.0,87,250,225.0,Reneging,,230.0,0.0,,🙋🏽‍♂️
149,139,32,queue,reneging,84.71464885003905,,,,,1.0,88,250,225.0,Reneging,,250.0,0.0,,👩🏼‍🦼
150,142,33,queue,reneging,85.57556710600008,,,,,2.0,88,250,225.0,Reneging,,230.0,0.0,,🙋🏽‍♂️
151,139,32,queue,reneging,84.71464885003905,,,,,1.0,89,250,225.0,Reneging,,250.0,0.0,,👩🏼‍🦼
152,142,33,queue,reneging,85.57556710600008,,,,,2.0,89,250,225.0,Reneging,,230.0,0.0,,🙋🏽‍♂️
153,142,33,queue,reneging,85.57556710600008,,,,,1.0,90,250,225.0,Reneging,,250.0,0.0,,🙋🏽‍♂️
154,164,37,queue,reneging,100.11800132074589,,,,,1.0,101,250,225.0,Reneging,,250.0,0.0,,👶🏾
155,164,37,queue,reneging,100.11800132074589,,,,,1.0,102,250,225.0,Reneging,,250.0,0.0,,👶🏾
156,164,37,queue,reneging,100.11800132074589,,,,,1.0,103,250,225.0,Reneging,,250.0,0.0,,👶🏾
157,164,37,queue,reneging,100.11800132074589,,,,,1.0,104,250,225.0,Reneging,,250.0,0.0,,👶🏾
158,164,37,queue,reneging,100.11800132074589,,,,,1.0,105,250,225.0,Reneging,,250.0,0.0,,👶🏾
159,175,39,queue,reneging,108.80285620332981,,,,,1.0,109,250,225.0,Reneging,,250.0,0.0,,🙎🏿‍♀️
160,175,39,queue,reneging,108.80285620332981,,,,,1.0,110,250,225.0,Reneging,,250.0,0.0,,🙎🏿‍♀️
161,178,43,queue,reneging,109.31521851779567,,,,,2.0,110,250,225.0,Reneging,,230.0,0.0,,👩🏽
162,175,39,queue,reneging,108.80285620332981,,,,,1.0,111,250,225.0,Reneging,,250.0,0.0,,🙎🏿‍♀️
163,178,43,queue,reneging,109.31521851779567,,,,,2.0,111,250,225.0,Reneging,,230.0,0.0,,👩🏽
164,179,41,queue,reneging,110.24753639872338,,,,,3.0,111,250,225.0,Reneging,,210.0,0.0,,👴🏿
165,175,39,queue,reneging,108.80285620332981,,,,,1.0,112,250,225.0,Reneging,,250.0,0.0,,🙎🏿‍♀️
166,178,43,queue,reneging,109.31521851779567,,,,,2.0,112,250,225.0,Reneging,,230.0,0.0,,👩🏽
167,179,41,queue,reneging,110.24753639872338,,,,,3.0,112,250,225.0,Reneging,,210.0,0.0,,👴🏿
168,175,39,queue,reneging,108.80285620332981,,,,,1.0,113,250,225.0,Reneging,,250.0,0.0,,🙎🏿‍♀️
169,178,43,queue,reneging,109.31521851779567,,,,,2.0,113,250,225.0,Reneging,,230.0,0.0,,👩🏽
170,179,41,queue,reneging,110.24753639872338,,,,,3.0,113,250,225.0,Reneging,,210.0,0.0,,👴🏿
171,180,40,queue,reneging,112.29379256934993,,,,,4.0,113,250,225.0,Reneging,,190.0,0.0,,👶🏻
172,181,42,queue,reneging,112.74510304761174,,,,,5.0,113,250,225.0,Reneging,,170.0,0.0,,👨🏻‍🦳
173,178,43,queue,reneging,109.31521851779567,,,,,1.0,114,250,225.0,Reneging,,250.0,0.0,,👩🏽
174,179,41,queue,reneging,110.24753639872338,,,,,2.0,114,250,225.0,Reneging,,230.0,0.0,,👴🏿
175,180,40,queue,reneging,112.29379256934993,,,,,3.0,114,250,225.0,Reneging,,210.0,0.0,,👶🏻
176,181,42,queue,reneging,112.74510304761174,,,,,4.0,114,250,225.0,Reneging,,190.0,0.0,,👨🏻‍🦳
177,179,41,queue,reneging,110.24753639872338,,,,,1.0,115,250,225.0,Reneging,,250.0,0.0,,👴🏿
178,180,40,queue,reneging,112.29379256934993,,,,,2.0,115,250,225.0,Reneging,,230.0,0.0,,👶🏻
179,181,42,queue,reneging,112.74510304761174,,,,,3.0,115,250,225.0,Reneging,,210.0,0.0,,👨🏻‍🦳
180,180,40,queue,reneging,112.29379256934993,,,,,1.0,116,250,225.0,Reneging,,250.0,0.0,,👶🏻
181,181,42,queue,reneging,112.74510304761174,,,,,2.0,116,250,225.0,Reneging,,230.0,0.0,,👨🏻‍🦳
182,180,40,queue,reneging,112.29379256934993,,,,,1.0,117,250,225.0,Reneging,,250.0,0.0,,👶🏻
183,181,42,queue,reneging,112.74510304761174,,,,,2.0,117,250,225.0,Reneging,,230.0,0.0,,👨🏻‍🦳
184,201,47,queue,reneging,128.57838493155757,,,,,1.0,129,250,225.0,Reneging,,250.0,0.0,,👱🏻‍♀️
185,201,47,queue,reneging,128.57838493155757,,,,,1.0,130,250,225.0,Reneging,,250.0,0.0,,👱🏻‍♀️
186,201,47,queue,reneging,128.57838493155757,,,,,1.0,131,250,225.0,Reneging,,250.0,0.0,,👱🏻‍♀️
187,201,47,queue,reneging,128.57838493155757,,,,,1.0,132,250,225.0,Reneging,,250.0,0.0,,👱🏻‍♀️
188,201,47,queue,reneging,128.57838493155757,,,,,1.0,133,250,225.0,Reneging,,250.0,0.0,,👱🏻‍♀️
189,214,48,queue,reneging,136.60272312295294,,,,,1.0,137,250,225.0,Reneging,,250.0,0.0,,👲🏼
190,214,48,queue,reneging,136.60272312295294,,,,,1.0,138,250,225.0,Reneging,,250.0,0.0,,👲🏼
191,214,48,queue,reneging,136.60272312295294,,,,,1.0,139,250,225.0,Reneging,,250.0,0.0,,👲🏼
192,214,48,queue,reneging,136.60272312295294,,,,,1.0,140,250,225.0,Reneging,,250.0,0.0,,👲🏼
193,214,48,queue,reneging,136.60272312295294,,,,,1.0,141,250,225.0,Reneging,,250.0,0.0,,👲🏼
194,227,53,queue,reneging,143.50762540318962,,,,,1.0,144,250,225.0,Reneging,,250.0,0.0,,🤦🏻‍♂️
195,227,53,queue,reneging,143.50762540318962,,,,,1.0,145,250,225.0,Reneging,,250.0,0.0,,🤦🏻‍♂️
196,231,54,queue,reneging,144.06345034819066,,,,,2.0,145,250,225.0,Reneging,,230.0,0.0,,👩🏽‍🦰
197,227,53,queue,reneging,143.50762540318962,,,,,1.0,146,250,225.0,Reneging,,250.0,0.0,,🤦🏻‍♂️
198,231,54,queue,reneging,144.06345034819066,,,,,2.0,146,250,225.0,Reneging,,230.0,0.0,,👩🏽‍🦰
199,227,53,queue,reneging,143.50762540318962,,,,,1.0,147,250,225.0,Reneging,,250.0,0.0,,🤦🏻‍♂️
200,231,54,queue,reneging,144.06345034819066,,,,,2.0,147,250,225.0,Reneging,,230.0,0.0,,👩🏽‍🦰
201,234,51,queue,reneging,146.8460713965423,,,,,3.0,147,250,225.0,Reneging,,210.0,0.0,,🧔🏿
202,227,53,queue,reneging,143.50762540318962,,,,,1.0,148,250,225.0,Reneging,,250.0,0.0,,🤦🏻‍♂️
203,231,54,queue,reneging,144.06345034819066,,,,,2.0,148,250,225.0,Reneging,,230.0,0.0,,👩🏽‍🦰
204,234,51,queue,reneging,146.8460713965423,,,,,3.0,148,250,225.0,Reneging,,210.0,0.0,,🧔🏿
205,231,54,queue,reneging,144.06345034819066,,,,,1.0,149,250,225.0,Reneging,,250.0,0.0,,👩🏽‍🦰
206,234,51,queue,reneging,146.8460713965423,,,,,2.0,149,250,225.0,Reneging,,230.0,0.0,,🧔🏿
207,234,51,queue,reneging,146.8460713965423,,,,,1.0,150,250,225.0,Reneging,,250.0,0.0,,🧔🏿
208,239,52,queue,reneging,149.63899512498267,,,,,2.0,150,250,225.0,Reneging,,230.0,0.0,,👳🏿
209,234,51,queue,reneging,146.8460713965423,,,,,1.0,151,250,225.0,Reneging,,250.0,0.0,,🧔🏿
210,239,52,queue,reneging,149.63899512498267,,,,,2.0,151,250,225.0,Reneging,,230.0,0.0,,👳🏿
211,239,52,queue,reneging,149.63899512498267,,,,,1.0,152,250,225.0,Reneging,,250.0,0.0,,👳🏿
212,242,55,queue,reneging,151.13241137561693,,,,,2.0,152,250,225.0,Reneging,,230.0,0.0,,👨🏼‍✈️
213,239,52,queue,reneging,149.63899512498267,,,,,1.0,153,250,225.0,Reneging,,250.0,0.0,,👳🏿
214,242,55,queue,reneging,151.13241137561693,,,,,2.0,153,250,225.0,Reneging,,230.0,0.0,,👨🏼‍✈️
215,239,52,queue,reneging,149.63899512498267,,,,,1.0,154,250,225.0,Reneging,,250.0,0.0,,👳🏿
216,242,55,queue,reneging,151.13241137561693,,,,,2.0,154,250,225.0,Reneging,,230.0,0.0,,👨🏼‍✈️
217,242,55,queue,reneging,151.13241137561693,,,,,1.0,155,250,225.0,Reneging,,250.0,0.0,,👨🏼‍✈️
218,242,55,queue,reneging,151.13241137561693,,,,,1.0,156,250,225.0,Reneging,,250.0,0.0,,👨🏼‍✈️
219,255,56,queue,reneging,155.88206210120583,,,,,2.0,156,250,225.0,Reneging,,230.0,0.0,,👨🏾‍🦲
220,255,56,queue,reneging,155.88206210120583,,,,,1.0,157,250,225.0,Reneging,,250.0,0.0,,👨🏾‍🦲
221,255,56,queue,reneging,155.88206210120583,,,,,1.0,158,250,225.0,Reneging,,250.0,0.0,,👨🏾‍🦲
222,255,56,queue,reneging,155.88206210120583,,,,,1.0,159,250,225.0,Reneging,,250.0,0.0,,👨🏾‍🦲
223,263,57,queue,reneging,158.20670809264743,,,,,2.0,159,250,225.0,Reneging,,230.0,0.0,,🧍🏾‍♂️
224,255,56,queue,reneging,155.88206210120583,,,,,1.0,160,250,225.0,Reneging,,250.0,0.0,,👨🏾‍🦲
225,263,57,queue,reneging,158.20670809264743,,,,,2.0,160,250,225.0,Reneging,,230.0,0.0,,🧍🏾‍♂️
226,263,57,queue,reneging,158.20670809264743,,,,,1.0,161,250,225.0,Reneging,,250.0,0.0,,🧍🏾‍♂️
227,263,57,queue,reneging,158.20670809264743,,,,,1.0,162,250,225.0,Reneging,,250.0,0.0,,🧍🏾‍♂️
228,263,57,queue,reneging,158.20670809264743,,,,,1.0,163,250,225.0,Reneging,,250.0,0.0,,🧍🏾‍♂️
229,267,61,queue,reneging,164.85115047702217,,,,,1.0,165,250,225.0,Reneging,,250.0,0.0,,👱🏾‍♂️
230,267,61,queue,reneging,164.85115047702217,,,,,1.0,166,250,225.0,Reneging,,250.0,0.0,,👱🏾‍♂️
231,267,61,queue,reneging,164.85115047702217,,,,,1.0,167,250,225.0,Reneging,,250.0,0.0,,👱🏾‍♂️
232,275,64,queue,reneging,166.3569778170222,,,,,2.0,167,250,225.0,Reneging,,230.0,0.0,,🤵🏿
233,276,63,queue,reneging,166.90157215249096,,,,,3.0,167,250,225.0,Reneging,,210.0,0.0,,👵🏼
234,267,61,queue,reneging,164.85115047702217,,,,,1.0,168,250,225.0,Reneging,,250.0,0.0,,👱🏾‍♂️
235,275,64,queue,reneging,166.3569778170222,,,,,2.0,168,250,225.0,Reneging,,230.0,0.0,,🤵🏿
236,276,63,queue,reneging,166.90157215249096,,,,,3.0,168,250,225.0,Reneging,,210.0,0.0,,👵🏼
237,267,61,queue,reneging,164.85115047702217,,,,,1.0,169,250,225.0,Reneging,,250.0,0.0,,👱🏾‍♂️
238,275,64,queue,reneging,166.3569778170222,,,,,2.0,169,250,225.0,Reneging,,230.0,0.0,,🤵🏿
239,276,63,queue,reneging,166.90157215249096,,,,,3.0,169,250,225.0,Reneging,,210.0,0.0,,👵🏼
240,281,60,queue,reneging,168.56120706822048,,,,,4.0,169,250,225.0,Reneging,,190.0,0.0,,👨🏿‍🔧
241,275,64,queue,reneging,166.3569778170222,,,,,1.0,170,250,225.0,Reneging,,250.0,0.0,,🤵🏿
242,276,63,queue,reneging,166.90157215249096,,,,,2.0,170,250,225.0,Reneging,,230.0,0.0,,👵🏼
243,281,60,queue,reneging,168.56120706822048,,,,,3.0,170,250,225.0,Reneging,,210.0,0.0,,👨🏿‍🔧
244,282,65,queue,reneging,169.38401757547433,,,,,4.0,170,250,225.0,Reneging,,190.0,0.0,,🤦🏾‍♀️
245,275,64,queue,reneging,166.3569778170222,,,,,1.0,171,250,225.0,Reneging,,250.0,0.0,,🤵🏿
246,276,63,queue,reneging,166.90157215249096,,,,,2.0,171,250,225.0,Reneging,,230.0,0.0,,👵🏼
247,281,60,queue,reneging,168.56120706822048,,,,,3.0,171,250,225.0,Reneging,,210.0,0.0,,👨🏿‍🔧
248,282,65,queue,reneging,169.38401757547433,,,,,4.0,171,250,225.0,Reneging,,190.0,0.0,,🤦🏾‍♀️
249,281,60,queue,reneging,168.56120706822048,,,,,1.0,172,250,225.0,Reneging,,250.0,0.0,,👨🏿‍🔧
250,282,65,queue,reneging,169.38401757547433,,,,,2.0,172,250,225.0,Reneging,,230.0,0.0,,🤦🏾‍♀️
251,281,60,queue,reneging,168.56120706822048,,,,,1.0,173,250,225.0,Reneging,,250.0,0.0,,👨🏿‍🔧
252,282,65,queue,reneging,169.38401757547433,,,,,2.0,173,250,225.0,Reneging,,230.0,0.0,,🤦🏾‍♀️
253,288,62,queue,reneging,172.47740130501447,,,,,3.0,173,250,225.0,Reneging,,210.0,0.0,,👨🏼‍🎓
254,282,65,queue,reneging,169.38401757547433,,,,,1.0,174,250,225.0,Reneging,,250.0,0.0,,🤦🏾‍♀️
255,288,62,queue,reneging,172.47740130501447,,,,,2.0,174,250,225.0,Reneging,,230.0,0.0,,👨🏼‍🎓
256,288,62,queue,reneging,172.47740130501447,,,,,1.0,175,250,225.0,Reneging,,250.0,0.0,,👨🏼‍🎓
257,295,70,queue,reneging,174.92257862725234,,,,,2.0,175,250,225.0,Reneging,,230.0,0.0,,👩🏾‍🔬
258,288,62,queue,reneging,172.47740130501447,,,,,1.0,176,250,225.0,Reneging,,250.0,0.0,,👨🏼‍🎓
259,295,70,queue,reneging,174.92257862725234,,,,,2.0,176,250,225.0,Reneging,,230.0,0.0,,👩🏾‍🔬
260,296,68,queue,reneging,175.13822161628156,,,,,3.0,176,250,225.0,Reneging,,210.0,0.0,,👩🏻‍🎓
261,297,66,queue,reneging,175.28088906821384,,,,,4.0,176,250,225.0,Reneging,,190.0,0.0,,👳🏻
262,288,62,queue,reneging,172.47740130501447,,,,,1.0,177,250,225.0,Reneging,,250.0,0.0,,👨🏼‍🎓
263,295,70,queue,reneging,174.92257862725234,,,,,2.0,177,250,225.0,Reneging,,230.0,0.0,,👩🏾‍🔬
264,296,68,queue,reneging,175.13822161628156,,,,,3.0,177,250,225.0,Reneging,,210.0,0.0,,👩🏻‍🎓
265,297,66,queue,reneging,175.28088906821384,,,,,4.0,177,250,225.0,Reneging,,190.0,0.0,,👳🏻
266,295,70,queue,reneging,174.92257862725234,,,,,1.0,178,250,225.0,Reneging,,250.0,0.0,,👩🏾‍🔬
267,296,68,queue,reneging,175.13822161628156,,,,,2.0,178,250,225.0,Reneging,,230.0,0.0,,👩🏻‍🎓
268,297,66,queue,reneging,175.28088906821384,,,,,3.0,178,250,225.0,Reneging,,210.0,0.0,,👳🏻
269,295,70,queue,reneging,174.92257862725234,,,,,1.0,179,250,225.0,Reneging,,250.0,0.0,,👩🏾‍🔬
270,296,68,queue,reneging,175.13822161628156,,,,,2.0,179,250,225.0,Reneging,,230.0,0.0,,👩🏻‍🎓
271,297,66,queue,reneging,175.28088906821384,,,,,3.0,179,250,225.0,Reneging,,210.0,0.0,,👳🏻
272,305,67,queue,reneging,178.72599752339892,,,,,4.0,179,250,225.0,Reneging,,190.0,0.0,,🙋🏼‍♂️
273,296,68,queue,reneging,175.13822161628156,,,,,1.0,180,250,225.0,Reneging,,250.0,0.0,,👩🏻‍🎓
274,297,66,queue,reneging,175.28088906821384,,,,,2.0,180,250,225.0,Reneging,,230.0,0.0,,👳🏻
275,305,67,queue,reneging,178.72599752339892,,,,,3.0,180,250,225.0,Reneging,,210.0,0.0,,🙋🏼‍♂️
276,4,2,queue,wait_here,7.0085689674733604,,,,,1.0,8,150,100.0,Wait Here!,,150.0,0.0,,👨🏿‍🦯
277,6,3,queue,wait_here,7.2678811665684915,,,,,2.0,8,150,100.0,Wait Here!,,130.0,0.0,,👨🏻‍🦰
278,6,3,queue,wait_here,7.2678811665684915,,,,,1.0,9,150,100.0,Wait Here!,,150.0,0.0,,👨🏻‍🦰
279,6,3,queue,wait_here,7.2678811665684915,,,,,1.0,10,150,100.0,Wait Here!,,150.0,0.0,,👨🏻‍🦰
280,6,3,queue,wait_here,7.2678811665684915,,,,,1.0,11,150,100.0,Wait Here!,,150.0,0.0,,👨🏻‍🦰
281,6,3,queue,wait_here,7.2678811665684915,,,,,1.0,12,150,100.0,Wait Here!,,150.0,0.0,,👨🏻‍🦰
282,11,4,queue,wait_here,11.497763249341212,,,,,2.0,12,150,100.0,Wait Here!,,130.0,0.0,,🧑🏻
283,6,3,queue,wait_here,7.2678811665684915,,,,,1.0,13,150,100.0,Wait Here!,,150.0,0.0,,👨🏻‍🦰
284,11,4,queue,wait_here,11.497763249341212,,,,,2.0,13,150,100.0,Wait Here!,,130.0,0.0,,🧑🏻
285,6,3,queue,wait_here,7.2678811665684915,,,,,1.0,14,150,100.0,Wait Here!,,150.0,0.0,,👨🏻‍🦰
286,11,4,queue,wait_here,11.497763249341212,,,,,2.0,14,150,100.0,Wait Here!,,130.0,0.0,,🧑🏻
287,6,3,queue,wait_here,7.2678811665684915,,,,,1.0,15,150,100.0,Wait Here!,,150.0,0.0,,👨🏻‍🦰
288,11,4,queue,wait_here,11.497763249341212,,,,,2.0,15,150,100.0,Wait Here!,,130.0,0.0,,🧑🏻
289,13,5,queue,wait_here,14.637445788970705,,,,,3.0,15,150,100.0,Wait Here!,,110.0,0.0,,👩🏿‍🦱
290,6,3,queue,wait_here,7.2678811665684915,,,,,1.0,16,150,100.0,Wait Here!,,150.0,0.0,,👨🏻‍🦰
291,11,4,queue,wait_here,11.497763249341212,,,,,2.0,16,150,100.0,Wait Here!,,130.0,0.0,,🧑🏻
292,13,5,queue,wait_here,14.637445788970705,,,,,3.0,16,150,100.0,Wait Here!,,110.0,0.0,,👩🏿‍🦱
293,11,4,queue,wait_here,11.497763249341212,,,,,1.0,17,150,100.0,Wait Here!,,150.0,0.0,,🧑🏻
294,13,5,queue,wait_here,14.637445788970705,,,,,2.0,17,150,100.0,Wait Here!,,130.0,0.0,,👩🏿‍🦱
295,11,4,queue,wait_here,11.497763249341212,,,,,1.0,18,150,100.0,Wait Here!,,150.0,0.0,,🧑🏻
296,13,5,queue,wait_here,14.637445788970705,,,,,2.0,18,150,100.0,Wait Here!,,130.0,0.0,,👩🏿‍🦱
297,18,6,queue,wait_here,17.904516673042583,,,,,3.0,18,150,100.0,Wait Here!,,110.0,0.0,,🤰
298,13,5,queue,wait_here,14.637445788970705,,,,,1.0,19,150,100.0,Wait Here!,,150.0,0.0,,👩🏿‍🦱
299,18,6,queue,wait_here,17.904516673042583,,,,,2.0,19,150,100.0,Wait Here!,,130.0,0.0,,🤰
300,13,5,queue,wait_here,14.637445788970705,,,,,1.0,20,150,100.0,Wait Here!,,150.0,0.0,,👩🏿‍🦱
301,18,6,queue,wait_here,17.904516673042583,,,,,2.0,20,150,100.0,Wait Here!,,130.0,0.0,,🤰
302,13,5,queue,wait_here,14.637445788970705,,,,,1.0,21,150,100.0,Wait Here!,,150.0,0.0,,👩🏿‍🦱
303,18,6,queue,wait_here,17.904516673042583,,,,,2.0,21,150,100.0,Wait Here!,,130.0,0.0,,🤰
304,13,5,queue,wait_here,14.637445788970705,,,,,1.0,22,150,100.0,Wait Here!,,150.0,0.0,,👩🏿‍🦱
305,18,6,queue,wait_here,17.904516673042583,,,,,2.0,22,150,100.0,Wait Here!,,130.0,0.0,,🤰
306,21,7,queue,wait_here,21.5992736610273,,,,,3.0,22,150,100.0,Wait Here!,,110.0,0.0,,👳🏽
307,23,8,queue,wait_here,21.874005463197875,,,,,4.0,22,150,100.0,Wait Here!,,90.0,0.0,,👩🏼‍🦳
308,13,5,queue,wait_here,14.637445788970705,,,,,1.0,23,150,100.0,Wait Here!,,150.0,0.0,,👩🏿‍🦱
309,18,6,queue,wait_here,17.904516673042583,,,,,2.0,23,150,100.0,Wait Here!,,130.0,0.0,,🤰
310,21,7,queue,wait_here,21.5992736610273,,,,,3.0,23,150,100.0,Wait Here!,,110.0,0.0,,👳🏽
311,23,8,queue,wait_here,21.874005463197875,,,,,4.0,23,150,100.0,Wait Here!,,90.0,0.0,,👩🏼‍🦳
312,18,6,queue,wait_here,17.904516673042583,,,,,1.0,24,150,100.0,Wait Here!,,150.0,0.0,,🤰
313,21,7,queue,wait_here,21.5992736610273,,,,,2.0,24,150,100.0,Wait Here!,,130.0,0.0,,👳🏽
314,23,8,queue,wait_here,21.874005463197875,,,,,3.0,24,150,100.0,Wait Here!,,110.0,0.0,,👩🏼‍🦳
315,18,6,queue,wait_here,17.904516673042583,,,,,1.0,25,150,100.0,Wait Here!,,150.0,0.0,,🤰
316,21,7,queue,wait_here,21.5992736610273,,,,,2.0,25,150,100.0,Wait Here!,,130.0,0.0,,👳🏽
317,23,8,queue,wait_here,21.874005463197875,,,,,3.0,25,150,100.0,Wait Here!,,110.0,0.0,,👩🏼‍🦳
318,29,9,queue,wait_here,24.57760328930835,,,,,4.0,25,150,100.0,Wait Here!,,90.0,0.0,,👨🏿‍🦳
319,18,6,queue,wait_here,17.904516673042583,,,,,1.0,26,150,100.0,Wait Here!,,150.0,0.0,,🤰
320,21,7,queue,wait_here,21.5992736610273,,,,,2.0,26,150,100.0,Wait Here!,,130.0,0.0,,👳🏽
321,23,8,queue,wait_here,21.874005463197875,,,,,3.0,26,150,100.0,Wait Here!,,110.0,0.0,,👩🏼‍🦳
322,29,9,queue,wait_here,24.57760328930835,,,,,4.0,26,150,100.0,Wait Here!,,90.0,0.0,,👨🏿‍🦳
323,31,10,queue,wait_here,25.248332405945312,,,,,5.0,26,150,100.0,Wait Here!,,70.0,0.0,,👩🏼‍🦱
324,18,6,queue,wait_here,17.904516673042583,,,,,1.0,27,150,100.0,Wait Here!,,150.0,0.0,,🤰
325,21,7,queue,wait_here,21.5992736610273,,,,,2.0,27,150,100.0,Wait Here!,,130.0,0.0,,👳🏽
326,23,8,queue,wait_here,21.874005463197875,,,,,3.0,27,150,100.0,Wait Here!,,110.0,0.0,,👩🏼‍🦳
327,29,9,queue,wait_here,24.57760328930835,,,,,4.0,27,150,100.0,Wait Here!,,90.0,0.0,,👨🏿‍🦳
328,31,10,queue,wait_here,25.248332405945312,,,,,5.0,27,150,100.0,Wait Here!,,70.0,0.0,,👩🏼‍🦱
329,18,6,queue,wait_here,17.904516673042583,,,,,1.0,28,150,100.0,Wait Here!,,150.0,0.0,,🤰
330,21,7,queue,wait_here,21.5992736610273,,,,,2.0,28,150,100.0,Wait Here!,,130.0,0.0,,👳🏽
331,29,9,queue,wait_here,24.57760328930835,,,,,3.0,28,150,100.0,Wait Here!,,110.0,0.0,,👨🏿‍🦳
332,31,10,queue,wait_here,25.248332405945312,,,,,4.0,28,150,100.0,Wait Here!,,90.0,0.0,,👩🏼‍🦱
333,18,6,queue,wait_here,17.904516673042583,,,,,1.0,29,150,100.0,Wait Here!,,150.0,0.0,,🤰
334,21,7,queue,wait_here,21.5992736610273,,,,,2.0,29,150,100.0,Wait Here!,,130.0,0.0,,👳🏽
335,29,9,queue,wait_here,24.57760328930835,,,,,3.0,29,150,100.0,Wait Here!,,110.0,0.0,,👨🏿‍🦳
336,31,10,queue,wait_here,25.248332405945312,,,,,4.0,29,150,100.0,Wait Here!,,90.0,0.0,,👩🏼‍🦱
337,34,11,queue,wait_here,28.92958999558809,,,,,5.0,29,150,100.0,Wait Here!,,70.0,0.0,,🧍🏽‍♀️
338,18,6,queue,wait_here,17.904516673042583,,,,,1.0,30,150,100.0,Wait Here!,,150.0,0.0,,🤰
339,21,7,queue,wait_here,21.5992736610273,,,,,2.0,30,150,100.0,Wait Here!,,130.0,0.0,,👳🏽
340,29,9,queue,wait_here,24.57760328930835,,,,,3.0,30,150,100.0,Wait Here!,,110.0,0.0,,👨🏿‍🦳
341,31,10,queue,wait_here,25.248332405945312,,,,,4.0,30,150,100.0,Wait Here!,,90.0,0.0,,👩🏼‍🦱
342,34,11,queue,wait_here,28.92958999558809,,,,,5.0,30,150,100.0,Wait Here!,,70.0,0.0,,🧍🏽‍♀️
343,29,9,queue,wait_here,24.57760328930835,,,,,1.0,31,150,100.0,Wait Here!,,150.0,0.0,,👨🏿‍🦳
344,31,10,queue,wait_here,25.248332405945312,,,,,2.0,31,150,100.0,Wait Here!,,130.0,0.0,,👩🏼‍🦱
345,34,11,queue,wait_here,28.92958999558809,,,,,3.0,31,150,100.0,Wait Here!,,110.0,0.0,,🧍🏽‍♀️
346,37,12,queue,wait_here,30.180850114523537,,,,,4.0,31,150,100.0,Wait Here!,,90.0,0.0,,👨🏼‍🔬
347,42,13,queue,wait_here,30.412081555690502,,,,,5.0,31,150,100.0,Wait Here!,,70.0,0.0,,👩🏻‍🦰
348,29,9,queue,wait_here,24.57760328930835,,,,,1.0,32,150,100.0,Wait Here!,,150.0,0.0,,👨🏿‍🦳
349,31,10,queue,wait_here,25.248332405945312,,,,,2.0,32,150,100.0,Wait Here!,,130.0,0.0,,👩🏼‍🦱
350,34,11,queue,wait_here,28.92958999558809,,,,,3.0,32,150,100.0,Wait Here!,,110.0,0.0,,🧍🏽‍♀️
351,37,12,queue,wait_here,30.180850114523537,,,,,4.0,32,150,100.0,Wait Here!,,90.0,0.0,,👨🏼‍🔬
352,42,13,queue,wait_here,30.412081555690502,,,,,5.0,32,150,100.0,Wait Here!,,70.0,0.0,,👩🏻‍🦰
353,44,14,queue,wait_here,31.578122264169966,,,,,6.0,32,150,130.0,Wait Here!,,150.0,1.0,,🧕🏿
354,29,9,queue,wait_here,24.57760328930835,,,,,1.0,33,150,100.0,Wait Here!,,150.0,0.0,,👨🏿‍🦳
355,31,10,queue,wait_here,25.248332405945312,,,,,2.0,33,150,100.0,Wait Here!,,130.0,0.0,,👩🏼‍🦱
356,34,11,queue,wait_here,28.92958999558809,,,,,3.0,33,150,100.0,Wait Here!,,110.0,0.0,,🧍🏽‍♀️
357,37,12,queue,wait_here,30.180850114523537,,,,,4.0,33,150,100.0,Wait Here!,,90.0,0.0,,👨🏼‍🔬
358,42,13,queue,wait_here,30.412081555690502,,,,,5.0,33,150,100.0,Wait Here!,,70.0,0.0,,👩🏻‍🦰
359,44,14,queue,wait_here,31.578122264169966,,,,,6.0,33,150,130.0,Wait Here!,,150.0,1.0,,🧕🏿
360,29,9,queue,wait_here,24.57760328930835,,,,,1.0,34,150,100.0,Wait Here!,,150.0,0.0,,👨🏿‍🦳
361,31,10,queue,wait_here,25.248332405945312,,,,,2.0,34,150,100.0,Wait Here!,,130.0,0.0,,👩🏼‍🦱
362,34,11,queue,wait_here,28.92958999558809,,,,,3.0,34,150,100.0,Wait Here!,,110.0,0.0,,🧍🏽‍♀️
363,37,12,queue,wait_here,30.180850114523537,,,,,4.0,34,150,100.0,Wait Here!,,90.0,0.0,,👨🏼‍🔬
364,42,13,queue,wait_here,30.412081555690502,,,,,5.0,34,150,100.0,Wait Here!,,70.0,0.0,,👩🏻‍🦰
365,44,14,queue,wait_here,31.578122264169966,,,,,6.0,34,150,130.0,Wait Here!,,150.0,1.0,,🧕🏿
366,49,15,queue,wait_here,33.70359414641834,,,,,7.0,34,150,130.0,Wait Here!,,130.0,1.0,,👨🏼‍🦽
367,29,9,queue,wait_here,24.57760328930835,,,,,1.0,35,150,100.0,Wait Here!,,150.0,0.0,,👨🏿‍🦳
368,31,10,queue,wait_here,25.248332405945312,,,,,2.0,35,150,100.0,Wait Here!,,130.0,0.0,,👩🏼‍🦱
369,34,11,queue,wait_here,28.92958999558809,,,,,3.0,35,150,100.0,Wait Here!,,110.0,0.0,,🧍🏽‍♀️
370,37,12,queue,wait_here,30.180850114523537,,,,,4.0,35,150,100.0,Wait Here!,,90.0,0.0,,👨🏼‍🔬
371,42,13,queue,wait_here,30.412081555690502,,,,,5.0,35,150,100.0,Wait Here!,,70.0,0.0,,👩🏻‍🦰
372,44,14,queue,wait_here,31.578122264169966,,,,,6.0,35,150,130.0,Wait Here!,,150.0,1.0,,🧕🏿
373,49,15,queue,wait_here,33.70359414641834,,,,,7.0,35,150,130.0,Wait Here!,,130.0,1.0,,👨🏼‍🦽
374,31,10,queue,wait_here,25.248332405945312,,,,,1.0,36,150,100.0,Wait Here!,,150.0,0.0,,👩🏼‍🦱
375,34,11,queue,wait_here,28.92958999558809,,,,,2.0,36,150,100.0,Wait Here!,,130.0,0.0,,🧍🏽‍♀️
376,37,12,queue,wait_here,30.180850114523537,,,,,3.0,36,150,100.0,Wait Here!,,110.0,0.0,,👨🏼‍🔬
377,42,13,queue,wait_here,30.412081555690502,,,,,4.0,36,150,100.0,Wait Here!,,90.0,0.0,,👩🏻‍🦰
378,44,14,queue,wait_here,31.578122264169966,,,,,5.0,36,150,100.0,Wait Here!,,70.0,0.0,,🧕🏿
379,49,15,queue,wait_here,33.70359414641834,,,,,6.0,36,150,130.0,Wait Here!,,150.0,1.0,,👨🏼‍🦽
380,53,16,queue,wait_here,35.08685915519075,,,,,7.0,36,150,130.0,Wait Here!,,130.0,1.0,,👴🏾
381,31,10,queue,wait_here,25.248332405945312,,,,,1.0,37,150,100.0,Wait Here!,,150.0,0.0,,👩🏼‍🦱
382,34,11,queue,wait_here,28.92958999558809,,,,,2.0,37,150,100.0,Wait Here!,,130.0,0.0,,🧍🏽‍♀️
383,37,12,queue,wait_here,30.180850114523537,,,,,3.0,37,150,100.0,Wait Here!,,110.0,0.0,,👨🏼‍🔬
384,42,13,queue,wait_here,30.412081555690502,,,,,4.0,37,150,100.0,Wait Here!,,90.0,0.0,,👩🏻‍🦰
385,44,14,queue,wait_here,31.578122264169966,,,,,5.0,37,150,100.0,Wait Here!,,70.0,0.0,,🧕🏿
386,49,15,queue,wait_here,33.70359414641834,,,,,6.0,37,150,130.0,Wait Here!,,150.0,1.0,,👨🏼‍🦽
387,53,16,queue,wait_here,35.08685915519075,,,,,7.0,37,150,130.0,Wait Here!,,130.0,1.0,,👴🏾
388,55,17,queue,wait_here,36.052592817909684,,,,,8.0,37,150,130.0,Wait Here!,,110.0,1.0,,👨🏼‍🦱
389,57,18,queue,wait_here,36.94343444469608,,,,,9.0,37,150,130.0,Wait Here!,,90.0,1.0,,👷🏾
390,34,11,queue,wait_here,28.92958999558809,,,,,1.0,38,150,100.0,Wait Here!,,150.0,0.0,,🧍🏽‍♀️
391,37,12,queue,wait_here,30.180850114523537,,,,,2.0,38,150,100.0,Wait Here!,,130.0,0.0,,👨🏼‍🔬
392,42,13,queue,wait_here,30.412081555690502,,,,,3.0,38,150,100.0,Wait Here!,,110.0,0.0,,👩🏻‍🦰
393,44,14,queue,wait_here,31.578122264169966,,,,,4.0,38,150,100.0,Wait Here!,,90.0,0.0,,🧕🏿
394,49,15,queue,wait_here,33.70359414641834,,,,,5.0,38,150,100.0,Wait Here!,,70.0,0.0,,👨🏼‍🦽
395,53,16,queue,wait_here,35.08685915519075,,,,,6.0,38,150,130.0,Wait Here!,,150.0,1.0,,👴🏾
396,55,17,queue,wait_here,36.052592817909684,,,,,7.0,38,150,130.0,Wait Here!,,130.0,1.0,,👨🏼‍🦱
397,57,18,queue,wait_here,36.94343444469608,,,,,8.0,38,150,130.0,Wait Here!,,110.0,1.0,,👷🏾
398,34,11,queue,wait_here,28.92958999558809,,,,,1.0,39,150,100.0,Wait Here!,,150.0,0.0,,🧍🏽‍♀️
399,37,12,queue,wait_here,30.180850114523537,,,,,2.0,39,150,100.0,Wait Here!,,130.0,0.0,,👨🏼‍🔬
400,42,13,queue,wait_here,30.412081555690502,,,,,3.0,39,150,100.0,Wait Here!,,110.0,0.0,,👩🏻‍🦰
401,44,14,queue,wait_here,31.578122264169966,,,,,4.0,39,150,100.0,Wait Here!,,90.0,0.0,,🧕🏿
402,49,15,queue,wait_here,33.70359414641834,,,,,5.0,39,150,100.0,Wait Here!,,70.0,0.0,,👨🏼‍🦽
403,53,16,queue,wait_here,35.08685915519075,,,,,6.0,39,150,130.0,Wait Here!,,150.0,1.0,,👴🏾
404,55,17,queue,wait_here,36.052592817909684,,,,,7.0,39,150,130.0,Wait Here!,,130.0,1.0,,👨🏼‍🦱
405,57,18,queue,wait_here,36.94343444469608,,,,,8.0,39,150,130.0,Wait Here!,,110.0,1.0,,👷🏾
406,34,11,queue,wait_here,28.92958999558809,,,,,1.0,40,150,100.0,Wait Here!,,150.0,0.0,,🧍🏽‍♀️
407,37,12,queue,wait_here,30.180850114523537,,,,,2.0,40,150,100.0,Wait Here!,,130.0,0.0,,👨🏼‍🔬
408,42,13,queue,wait_here,30.412081555690502,,,,,3.0,40,150,100.0,Wait Here!,,110.0,0.0,,👩🏻‍🦰
409,44,14,queue,wait_here,31.578122264169966,,,,,4.0,40,150,100.0,Wait Here!,,90.0,0.0,,🧕🏿
410,49,15,queue,wait_here,33.70359414641834,,,,,5.0,40,150,100.0,Wait Here!,,70.0,0.0,,👨🏼‍🦽
411,53,16,queue,wait_here,35.08685915519075,,,,,6.0,40,150,130.0,Wait Here!,,150.0,1.0,,👴🏾
412,55,17,queue,wait_here,36.052592817909684,,,,,7.0,40,150,130.0,Wait Here!,,130.0,1.0,,👨🏼‍🦱
413,57,18,queue,wait_here,36.94343444469608,,,,,8.0,40,150,130.0,Wait Here!,,110.0,1.0,,👷🏾
414,34,11,queue,wait_here,28.92958999558809,,,,,1.0,41,150,100.0,Wait Here!,,150.0,0.0,,🧍🏽‍♀️
415,37,12,queue,wait_here,30.180850114523537,,,,,2.0,41,150,100.0,Wait Here!,,130.0,0.0,,👨🏼‍🔬
416,42,13,queue,wait_here,30.412081555690502,,,,,3.0,41,150,100.0,Wait Here!,,110.0,0.0,,👩🏻‍🦰
417,44,14,queue,wait_here,31.578122264169966,,,,,4.0,41,150,100.0,Wait Here!,,90.0,0.0,,🧕🏿
418,49,15,queue,wait_here,33.70359414641834,,,,,5.0,41,150,100.0,Wait Here!,,70.0,0.0,,👨🏼‍🦽
419,53,16,queue,wait_here,35.08685915519075,,,,,6.0,41,150,130.0,Wait Here!,,150.0,1.0,,👴🏾
420,55,17,queue,wait_here,36.052592817909684,,,,,7.0,41,150,130.0,Wait Here!,,130.0,1.0,,👨🏼‍🦱
421,57,18,queue,wait_here,36.94343444469608,,,,,8.0,41,150,130.0,Wait Here!,,110.0,1.0,,👷🏾
422,34,11,queue,wait_here,28.92958999558809,,,,,1.0,42,150,100.0,Wait Here!,,150.0,0.0,,🧍🏽‍♀️
423,37,12,queue,wait_here,30.180850114523537,,,,,2.0,42,150,100.0,Wait Here!,,130.0,0.0,,👨🏼‍🔬
424,42,13,queue,wait_here,30.412081555690502,,,,,3.0,42,150,100.0,Wait Here!,,110.0,0.0,,👩🏻‍🦰
425,44,14,queue,wait_here,31.578122264169966,,,,,4.0,42,150,100.0,Wait Here!,,90.0,0.0,,🧕🏿
426,49,15,queue,wait_here,33.70359414641834,,,,,5.0,42,150,100.0,Wait Here!,,70.0,0.0,,👨🏼‍🦽
427,53,16,queue,wait_here,35.08685915519075,,,,,6.0,42,150,130.0,Wait Here!,,150.0,1.0,,👴🏾
428,55,17,queue,wait_here,36.052592817909684,,,,,7.0,42,150,130.0,Wait Here!,,130.0,1.0,,👨🏼‍🦱
429,57,18,queue,wait_here,36.94343444469608,,,,,8.0,42,150,130.0,Wait Here!,,110.0,1.0,,👷🏾
430,62,19,queue,wait_here,41.1160264034338,,,,,9.0,42,150,130.0,Wait Here!,,90.0,1.0,,👧🏿
431,34,11,queue,wait_here,28.92958999558809,,,,,1.0,43,150,100.0,Wait Here!,,150.0,0.0,,🧍🏽‍♀️
432,42,13,queue,wait_here,30.412081555690502,,,,,2.0,43,150,100.0,Wait Here!,,130.0,0.0,,👩🏻‍🦰
433,44,14,queue,wait_here,31.578122264169966,,,,,3.0,43,150,100.0,Wait Here!,,110.0,0.0,,🧕🏿
434,49,15,queue,wait_here,33.70359414641834,,,,,4.0,43,150,100.0,Wait Here!,,90.0,0.0,,👨🏼‍🦽
435,55,17,queue,wait_here,36.052592817909684,,,,,5.0,43,150,100.0,Wait Here!,,70.0,0.0,,👨🏼‍🦱
436,57,18,queue,wait_here,36.94343444469608,,,,,6.0,43,150,130.0,Wait Here!,,150.0,1.0,,👷🏾
437,62,19,queue,wait_here,41.1160264034338,,,,,7.0,43,150,130.0,Wait Here!,,130.0,1.0,,👧🏿
438,34,11,queue,wait_here,28.92958999558809,,,,,1.0,44,150,100.0,Wait Here!,,150.0,0.0,,🧍🏽‍♀️
439,42,13,queue,wait_here,30.412081555690502,,,,,2.0,44,150,100.0,Wait Here!,,130.0,0.0,,👩🏻‍🦰
440,44,14,queue,wait_here,31.578122264169966,,,,,3.0,44,150,100.0,Wait Here!,,110.0,0.0,,🧕🏿
441,49,15,queue,wait_here,33.70359414641834,,,,,4.0,44,150,100.0,Wait Here!,,90.0,0.0,,👨🏼‍🦽
442,55,17,queue,wait_here,36.052592817909684,,,,,5.0,44,150,100.0,Wait Here!,,70.0,0.0,,👨🏼‍🦱
443,57,18,queue,wait_here,36.94343444469608,,,,,6.0,44,150,130.0,Wait Here!,,150.0,1.0,,👷🏾
444,62,19,queue,wait_here,41.1160264034338,,,,,7.0,44,150,130.0,Wait Here!,,130.0,1.0,,👧🏿
445,34,11,queue,wait_here,28.92958999558809,,,,,1.0,45,150,100.0,Wait Here!,,150.0,0.0,,🧍🏽‍♀️
446,42,13,queue,wait_here,30.412081555690502,,,,,2.0,45,150,100.0,Wait Here!,,130.0,0.0,,👩🏻‍🦰
447,44,14,queue,wait_here,31.578122264169966,,,,,3.0,45,150,100.0,Wait Here!,,110.0,0.0,,🧕🏿
448,57,18,queue,wait_here,36.94343444469608,,,,,4.0,45,150,100.0,Wait Here!,,90.0,0.0,,👷🏾
449,62,19,queue,wait_here,41.1160264034338,,,,,5.0,45,150,100.0,Wait Here!,,70.0,0.0,,👧🏿
450,68,20,queue,wait_here,44.51822890860206,,,,,6.0,45,150,130.0,Wait Here!,,150.0,1.0,,🙎🏼‍♂️
451,44,14,queue,wait_here,31.578122264169966,,,,,1.0,46,150,100.0,Wait Here!,,150.0,0.0,,🧕🏿
452,57,18,queue,wait_here,36.94343444469608,,,,,2.0,46,150,100.0,Wait Here!,,130.0,0.0,,👷🏾
453,62,19,queue,wait_here,41.1160264034338,,,,,3.0,46,150,100.0,Wait Here!,,110.0,0.0,,👧🏿
454,68,20,queue,wait_here,44.51822890860206,,,,,4.0,46,150,100.0,Wait Here!,,90.0,0.0,,🙎🏼‍♂️
455,44,14,queue,wait_here,31.578122264169966,,,,,1.0,47,150,100.0,Wait Here!,,150.0,0.0,,🧕🏿
456,57,18,queue,wait_here,36.94343444469608,,,,,2.0,47,150,100.0,Wait Here!,,130.0,0.0,,👷🏾
457,62,19,queue,wait_here,41.1160264034338,,,,,3.0,47,150,100.0,Wait Here!,,110.0,0.0,,👧🏿
458,68,20,queue,wait_here,44.51822890860206,,,,,4.0,47,150,100.0,Wait Here!,,90.0,0.0,,🙎🏼‍♂️
459,44,14,queue,wait_here,31.578122264169966,,,,,1.0,48,150,100.0,Wait Here!,,150.0,0.0,,🧕🏿
460,57,18,queue,wait_here,36.94343444469608,,,,,2.0,48,150,100.0,Wait Here!,,130.0,0.0,,👷🏾
461,62,19,queue,wait_here,41.1160264034338,,,,,3.0,48,150,100.0,Wait Here!,,110.0,0.0,,👧🏿
462,68,20,queue,wait_here,44.51822890860206,,,,,4.0,48,150,100.0,Wait Here!,,90.0,0.0,,🙎🏼‍♂️
463,76,21,queue,wait_here,47.884347862974344,,,,,5.0,48,150,100.0,Wait Here!,,70.0,0.0,,👩🏻‍🦲
464,44,14,queue,wait_here,31.578122264169966,,,,,1.0,49,150,100.0,Wait Here!,,150.0,0.0,,🧕🏿
465,62,19,queue,wait_here,41.1160264034338,,,,,2.0,49,150,100.0,Wait Here!,,130.0,0.0,,👧🏿
466,68,20,queue,wait_here,44.51822890860206,,,,,3.0,49,150,100.0,Wait Here!,,110.0,0.0,,🙎🏼‍♂️
467,76,21,queue,wait_here,47.884347862974344,,,,,4.0,49,150,100.0,Wait Here!,,90.0,0.0,,👩🏻‍🦲
468,78,22,queue,wait_here,48.38155558487914,,,,,5.0,49,150,100.0,Wait Here!,,70.0,0.0,,🧔🏾
469,80,23,queue,wait_here,48.4449748541085,,,,,6.0,49,150,130.0,Wait Here!,,150.0,1.0,,🧕🏻
470,44,14,queue,wait_here,31.578122264169966,,,,,1.0,50,150,100.0,Wait Here!,,150.0,0.0,,🧕🏿
471,62,19,queue,wait_here,41.1160264034338,,,,,2.0,50,150,100.0,Wait Here!,,130.0,0.0,,👧🏿
472,68,20,queue,wait_here,44.51822890860206,,,,,3.0,50,150,100.0,Wait Here!,,110.0,0.0,,🙎🏼‍♂️
473,76,21,queue,wait_here,47.884347862974344,,,,,4.0,50,150,100.0,Wait Here!,,90.0,0.0,,👩🏻‍🦲
474,78,22,queue,wait_here,48.38155558487914,,,,,5.0,50,150,100.0,Wait Here!,,70.0,0.0,,🧔🏾
475,80,23,queue,wait_here,48.4449748541085,,,,,6.0,50,150,130.0,Wait Here!,,150.0,1.0,,🧕🏻
476,68,20,queue,wait_here,44.51822890860206,,,,,1.0,51,150,100.0,Wait Here!,,150.0,0.0,,🙎🏼‍♂️
477,76,21,queue,wait_here,47.884347862974344,,,,,2.0,51,150,100.0,Wait Here!,,130.0,0.0,,👩🏻‍🦲
478,78,22,queue,wait_here,48.38155558487914,,,,,3.0,51,150,100.0,Wait Here!,,110.0,0.0,,🧔🏾
479,80,23,queue,wait_here,48.4449748541085,,,,,4.0,51,150,100.0,Wait Here!,,90.0,0.0,,🧕🏻
480,68,20,queue,wait_here,44.51822890860206,,,,,1.0,52,150,100.0,Wait Here!,,150.0,0.0,,🙎🏼‍♂️
481,76,21,queue,wait_here,47.884347862974344,,,,,2.0,52,150,100.0,Wait Here!,,130.0,0.0,,👩🏻‍🦲
482,78,22,queue,wait_here,48.38155558487914,,,,,3.0,52,150,100.0,Wait Here!,,110.0,0.0,,🧔🏾
483,80,23,queue,wait_here,48.4449748541085,,,,,4.0,52,150,100.0,Wait Here!,,90.0,0.0,,🧕🏻
484,68,20,queue,wait_here,44.51822890860206,,,,,1.0,53,150,100.0,Wait Here!,,150.0,0.0,,🙎🏼‍♂️
485,76,21,queue,wait_here,47.884347862974344,,,,,2.0,53,150,100.0,Wait Here!,,130.0,0.0,,👩🏻‍🦲
486,78,22,queue,wait_here,48.38155558487914,,,,,3.0,53,150,100.0,Wait Here!,,110.0,0.0,,🧔🏾
487,80,23,queue,wait_here,48.4449748541085,,,,,4.0,53,150,100.0,Wait Here!,,90.0,0.0,,🧕🏻
488,90,24,queue,wait_here,52.39014538774997,,,,,5.0,53,150,100.0,Wait Here!,,70.0,0.0,,👨🏾‍🎓
489,68,20,queue,wait_here,44.51822890860206,,,,,1.0,54,150,100.0,Wait Here!,,150.0,0.0,,🙎🏼‍♂️
490,76,21,queue,wait_here,47.884347862974344,,,,,2.0,54,150,100.0,Wait Here!,,130.0,0.0,,👩🏻‍🦲
491,78,22,queue,wait_here,48.38155558487914,,,,,3.0,54,150,100.0,Wait Here!,,110.0,0.0,,🧔🏾
492,80,23,queue,wait_here,48.4449748541085,,,,,4.0,54,150,100.0,Wait Here!,,90.0,0.0,,🧕🏻
493,90,24,queue,wait_here,52.39014538774997,,,,,5.0,54,150,100.0,Wait Here!,,70.0,0.0,,👨🏾‍🎓
494,92,25,queue,wait_here,53.24226449255245,,,,,6.0,54,150,130.0,Wait Here!,,150.0,1.0,,👨🏾‍🦲
495,68,20,queue,wait_here,44.51822890860206,,,,,1.0,55,150,100.0,Wait Here!,,150.0,0.0,,🙎🏼‍♂️
496,76,21,queue,wait_here,47.884347862974344,,,,,2.0,55,150,100.0,Wait Here!,,130.0,0.0,,👩🏻‍🦲
497,78,22,queue,wait_here,48.38155558487914,,,,,3.0,55,150,100.0,Wait Here!,,110.0,0.0,,🧔🏾
498,80,23,queue,wait_here,48.4449748541085,,,,,4.0,55,150,100.0,Wait Here!,,90.0,0.0,,🧕🏻
499,90,24,queue,wait_here,52.39014538774997,,,,,5.0,55,150,100.0,Wait Here!,,70.0,0.0,,👨🏾‍🎓
500,92,25,queue,wait_here,53.24226449255245,,,,,6.0,55,150,130.0,Wait Here!,,150.0,1.0,,👨🏾‍🦲
501,95,26,queue,wait_here,54.32629116135719,,,,,7.0,55,150,130.0,Wait Here!,,130.0,1.0,,👨🏿‍🦰
502,68,20,queue,wait_here,44.51822890860206,,,,,1.0,56,150,100.0,Wait Here!,,150.0,0.0,,🙎🏼‍♂️
503,76,21,queue,wait_here,47.884347862974344,,,,,2.0,56,150,100.0,Wait Here!,,130.0,0.0,,👩🏻‍🦲
504,78,22,queue,wait_here,48.38155558487914,,,,,3.0,56,150,100.0,Wait Here!,,110.0,0.0,,🧔🏾
505,80,23,queue,wait_here,48.4449748541085,,,,,4.0,56,150,100.0,Wait Here!,,90.0,0.0,,🧕🏻
506,90,24,queue,wait_here,52.39014538774997,,,,,5.0,56,150,100.0,Wait Here!,,70.0,0.0,,👨🏾‍🎓
507,92,25,queue,wait_here,53.24226449255245,,,,,6.0,56,150,130.0,Wait Here!,,150.0,1.0,,👨🏾‍🦲
508,95,26,queue,wait_here,54.32629116135719,,,,,7.0,56,150,130.0,Wait Here!,,130.0,1.0,,👨🏿‍🦰
509,68,20,queue,wait_here,44.51822890860206,,,,,1.0,57,150,100.0,Wait Here!,,150.0,0.0,,🙎🏼‍♂️
510,76,21,queue,wait_here,47.884347862974344,,,,,2.0,57,150,100.0,Wait Here!,,130.0,0.0,,👩🏻‍🦲
511,80,23,queue,wait_here,48.4449748541085,,,,,3.0,57,150,100.0,Wait Here!,,110.0,0.0,,🧕🏻
512,90,24,queue,wait_here,52.39014538774997,,,,,4.0,57,150,100.0,Wait Here!,,90.0,0.0,,👨🏾‍🎓
513,92,25,queue,wait_here,53.24226449255245,,,,,5.0,57,150,100.0,Wait Here!,,70.0,0.0,,👨🏾‍🦲
514,95,26,queue,wait_here,54.32629116135719,,,,,6.0,57,150,130.0,Wait Here!,,150.0,1.0,,👨🏿‍🦰
515,68,20,queue,wait_here,44.51822890860206,,,,,1.0,58,150,100.0,Wait Here!,,150.0,0.0,,🙎🏼‍♂️
516,76,21,queue,wait_here,47.884347862974344,,,,,2.0,58,150,100.0,Wait Here!,,130.0,0.0,,👩🏻‍🦲
517,80,23,queue,wait_here,48.4449748541085,,,,,3.0,58,150,100.0,Wait Here!,,110.0,0.0,,🧕🏻
518,90,24,queue,wait_here,52.39014538774997,,,,,4.0,58,150,100.0,Wait Here!,,90.0,0.0,,👨🏾‍🎓
519,92,25,queue,wait_here,53.24226449255245,,,,,5.0,58,150,100.0,Wait Here!,,70.0,0.0,,👨🏾‍🦲
520,95,26,queue,wait_here,54.32629116135719,,,,,6.0,58,150,130.0,Wait Here!,,150.0,1.0,,👨🏿‍🦰
521,99,27,queue,wait_here,57.57626656597202,,,,,7.0,58,150,130.0,Wait Here!,,130.0,1.0,,🙍🏼‍♂️
522,76,21,queue,wait_here,47.884347862974344,,,,,1.0,59,150,100.0,Wait Here!,,150.0,0.0,,👩🏻‍🦲
523,80,23,queue,wait_here,48.4449748541085,,,,,2.0,59,150,100.0,Wait Here!,,130.0,0.0,,🧕🏻
524,90,24,queue,wait_here,52.39014538774997,,,,,3.0,59,150,100.0,Wait Here!,,110.0,0.0,,👨🏾‍🎓
525,92,25,queue,wait_here,53.24226449255245,,,,,4.0,59,150,100.0,Wait Here!,,90.0,0.0,,👨🏾‍🦲
526,95,26,queue,wait_here,54.32629116135719,,,,,5.0,59,150,100.0,Wait Here!,,70.0,0.0,,👨🏿‍🦰
527,99,27,queue,wait_here,57.57626656597202,,,,,6.0,59,150,130.0,Wait Here!,,150.0,1.0,,🙍🏼‍♂️
528,76,21,queue,wait_here,47.884347862974344,,,,,1.0,60,150,100.0,Wait Here!,,150.0,0.0,,👩🏻‍🦲
529,80,23,queue,wait_here,48.4449748541085,,,,,2.0,60,150,100.0,Wait Here!,,130.0,0.0,,🧕🏻
530,90,24,queue,wait_here,52.39014538774997,,,,,3.0,60,150,100.0,Wait Here!,,110.0,0.0,,👨🏾‍🎓
531,92,25,queue,wait_here,53.24226449255245,,,,,4.0,60,150,100.0,Wait Here!,,90.0,0.0,,👨🏾‍🦲
532,95,26,queue,wait_here,54.32629116135719,,,,,5.0,60,150,100.0,Wait Here!,,70.0,0.0,,👨🏿‍🦰
533,99,27,queue,wait_here,57.57626656597202,,,,,6.0,60,150,130.0,Wait Here!,,150.0,1.0,,🙍🏼‍♂️
534,76,21,queue,wait_here,47.884347862974344,,,,,1.0,61,150,100.0,Wait Here!,,150.0,0.0,,👩🏻‍🦲
535,80,23,queue,wait_here,48.4449748541085,,,,,2.0,61,150,100.0,Wait Here!,,130.0,0.0,,🧕🏻
536,90,24,queue,wait_here,52.39014538774997,,,,,3.0,61,150,100.0,Wait Here!,,110.0,0.0,,👨🏾‍🎓
537,92,25,queue,wait_here,53.24226449255245,,,,,4.0,61,150,100.0,Wait Here!,,90.0,0.0,,👨🏾‍🦲
538,95,26,queue,wait_here,54.32629116135719,,,,,5.0,61,150,100.0,Wait Here!,,70.0,0.0,,👨🏿‍🦰
539,99,27,queue,wait_here,57.57626656597202,,,,,6.0,61,150,130.0,Wait Here!,,150.0,1.0,,🙍🏼‍♂️
540,76,21,queue,wait_here,47.884347862974344,,,,,1.0,62,150,100.0,Wait Here!,,150.0,0.0,,👩🏻‍🦲
541,80,23,queue,wait_here,48.4449748541085,,,,,2.0,62,150,100.0,Wait Here!,,130.0,0.0,,🧕🏻
542,90,24,queue,wait_here,52.39014538774997,,,,,3.0,62,150,100.0,Wait Here!,,110.0,0.0,,👨🏾‍🎓
543,92,25,queue,wait_here,53.24226449255245,,,,,4.0,62,150,100.0,Wait Here!,,90.0,0.0,,👨🏾‍🦲
544,99,27,queue,wait_here,57.57626656597202,,,,,5.0,62,150,100.0,Wait Here!,,70.0,0.0,,🙍🏼‍♂️
545,76,21,queue,wait_here,47.884347862974344,,,,,1.0,63,150,100.0,Wait Here!,,150.0,0.0,,👩🏻‍🦲
546,80,23,queue,wait_here,48.4449748541085,,,,,2.0,63,150,100.0,Wait Here!,,130.0,0.0,,🧕🏻
547,90,24,queue,wait_here,52.39014538774997,,,,,3.0,63,150,100.0,Wait Here!,,110.0,0.0,,👨🏾‍🎓
548,92,25,queue,wait_here,53.24226449255245,,,,,4.0,63,150,100.0,Wait Here!,,90.0,0.0,,👨🏾‍🦲
549,99,27,queue,wait_here,57.57626656597202,,,,,5.0,63,150,100.0,Wait Here!,,70.0,0.0,,🙍🏼‍♂️
550,106,28,queue,wait_here,62.09969395790044,,,,,6.0,63,150,130.0,Wait Here!,,150.0,1.0,,🙋🏾‍♀️
551,80,23,queue,wait_here,48.4449748541085,,,,,1.0,64,150,100.0,Wait Here!,,150.0,0.0,,🧕🏻
552,90,24,queue,wait_here,52.39014538774997,,,,,2.0,64,150,100.0,Wait Here!,,130.0,0.0,,👨🏾‍🎓
553,92,25,queue,wait_here,53.24226449255245,,,,,3.0,64,150,100.0,Wait Here!,,110.0,0.0,,👨🏾‍🦲
554,99,27,queue,wait_here,57.57626656597202,,,,,4.0,64,150,100.0,Wait Here!,,90.0,0.0,,🙍🏼‍♂️
555,106,28,queue,wait_here,62.09969395790044,,,,,5.0,64,150,100.0,Wait Here!,,70.0,0.0,,🙋🏾‍♀️
556,80,23,queue,wait_here,48.4449748541085,,,,,1.0,65,150,100.0,Wait Here!,,150.0,0.0,,🧕🏻
557,90,24,queue,wait_here,52.39014538774997,,,,,2.0,65,150,100.0,Wait Here!,,130.0,0.0,,👨🏾‍🎓
558,92,25,queue,wait_here,53.24226449255245,,,,,3.0,65,150,100.0,Wait Here!,,110.0,0.0,,👨🏾‍🦲
559,99,27,queue,wait_here,57.57626656597202,,,,,4.0,65,150,100.0,Wait Here!,,90.0,0.0,,🙍🏼‍♂️
560,106,28,queue,wait_here,62.09969395790044,,,,,5.0,65,150,100.0,Wait Here!,,70.0,0.0,,🙋🏾‍♀️
561,90,24,queue,wait_here,52.39014538774997,,,,,1.0,66,150,100.0,Wait Here!,,150.0,0.0,,👨🏾‍🎓
562,92,25,queue,wait_here,53.24226449255245,,,,,2.0,66,150,100.0,Wait Here!,,130.0,0.0,,👨🏾‍🦲
563,99,27,queue,wait_here,57.57626656597202,,,,,3.0,66,150,100.0,Wait Here!,,110.0,0.0,,🙍🏼‍♂️
564,106,28,queue,wait_here,62.09969395790044,,,,,4.0,66,150,100.0,Wait Here!,,90.0,0.0,,🙋🏾‍♀️
565,90,24,queue,wait_here,52.39014538774997,,,,,1.0,67,150,100.0,Wait Here!,,150.0,0.0,,👨🏾‍🎓
566,99,27,queue,wait_here,57.57626656597202,,,,,2.0,67,150,100.0,Wait Here!,,130.0,0.0,,🙍🏼‍♂️
567,106,28,queue,wait_here,62.09969395790044,,,,,3.0,67,150,100.0,Wait Here!,,110.0,0.0,,🙋🏾‍♀️
568,90,24,queue,wait_here,52.39014538774997,,,,,1.0,68,150,100.0,Wait Here!,,150.0,0.0,,👨🏾‍🎓
569,99,27,queue,wait_here,57.57626656597202,,,,,2.0,68,150,100.0,Wait Here!,,130.0,0.0,,🙍🏼‍♂️
570,106,28,queue,wait_here,62.09969395790044,,,,,3.0,68,150,100.0,Wait Here!,,110.0,0.0,,🙋🏾‍♀️
571,114,29,queue,wait_here,67.03429147938719,,,,,4.0,68,150,100.0,Wait Here!,,90.0,0.0,,👩🏻‍🔧
572,90,24,queue,wait_here,52.39014538774997,,,,,1.0,69,150,100.0,Wait Here!,,150.0,0.0,,👨🏾‍🎓
573,99,27,queue,wait_here,57.57626656597202,,,,,2.0,69,150,100.0,Wait Here!,,130.0,0.0,,🙍🏼‍♂️
574,106,28,queue,wait_here,62.09969395790044,,,,,3.0,69,150,100.0,Wait Here!,,110.0,0.0,,🙋🏾‍♀️
575,114,29,queue,wait_here,67.03429147938719,,,,,4.0,69,150,100.0,Wait Here!,,90.0,0.0,,👩🏻‍🔧
576,117,30,queue,wait_here,68.81186407626957,,,,,5.0,69,150,100.0,Wait Here!,,70.0,0.0,,👨🏿‍🦽
577,106,28,queue,wait_here,62.09969395790044,,,,,1.0,70,150,100.0,Wait Here!,,150.0,0.0,,🙋🏾‍♀️
578,114,29,queue,wait_here,67.03429147938719,,,,,2.0,70,150,100.0,Wait Here!,,130.0,0.0,,👩🏻‍🔧
579,117,30,queue,wait_here,68.81186407626957,,,,,3.0,70,150,100.0,Wait Here!,,110.0,0.0,,👨🏿‍🦽
580,106,28,queue,wait_here,62.09969395790044,,,,,1.0,71,150,100.0,Wait Here!,,150.0,0.0,,🙋🏾‍♀️
581,114,29,queue,wait_here,67.03429147938719,,,,,2.0,71,150,100.0,Wait Here!,,130.0,0.0,,👩🏻‍🔧
582,117,30,queue,wait_here,68.81186407626957,,,,,3.0,71,150,100.0,Wait Here!,,110.0,0.0,,👨🏿‍🦽
583,106,28,queue,wait_here,62.09969395790044,,,,,1.0,72,150,100.0,Wait Here!,,150.0,0.0,,🙋🏾‍♀️
584,114,29,queue,wait_here,67.03429147938719,,,,,2.0,72,150,100.0,Wait Here!,,130.0,0.0,,👩🏻‍🔧
585,117,30,queue,wait_here,68.81186407626957,,,,,3.0,72,150,100.0,Wait Here!,,110.0,0.0,,👨🏿‍🦽
586,122,31,queue,wait_here,71.68167243673017,,,,,4.0,72,150,100.0,Wait Here!,,90.0,0.0,,👩🏼‍🦳
587,106,28,queue,wait_here,62.09969395790044,,,,,1.0,73,150,100.0,Wait Here!,,150.0,0.0,,🙋🏾‍♀️
588,114,29,queue,wait_here,67.03429147938719,,,,,2.0,73,150,100.0,Wait Here!,,130.0,0.0,,👩🏻‍🔧
589,117,30,queue,wait_here,68.81186407626957,,,,,3.0,73,150,100.0,Wait Here!,,110.0,0.0,,👨🏿‍🦽
590,122,31,queue,wait_here,71.68167243673017,,,,,4.0,73,150,100.0,Wait Here!,,90.0,0.0,,👩🏼‍🦳
591,106,28,queue,wait_here,62.09969395790044,,,,,1.0,74,150,100.0,Wait Here!,,150.0,0.0,,🙋🏾‍♀️
592,114,29,queue,wait_here,67.03429147938719,,,,,2.0,74,150,100.0,Wait Here!,,130.0,0.0,,👩🏻‍🔧
593,117,30,queue,wait_here,68.81186407626957,,,,,3.0,74,150,100.0,Wait Here!,,110.0,0.0,,👨🏿‍🦽
594,122,31,queue,wait_here,71.68167243673017,,,,,4.0,74,150,100.0,Wait Here!,,90.0,0.0,,👩🏼‍🦳
595,114,29,queue,wait_here,67.03429147938719,,,,,1.0,75,150,100.0,Wait Here!,,150.0,0.0,,👩🏻‍🔧
596,122,31,queue,wait_here,71.68167243673017,,,,,2.0,75,150,100.0,Wait Here!,,130.0,0.0,,👩🏼‍🦳
597,114,29,queue,wait_here,67.03429147938719,,,,,1.0,76,150,100.0,Wait Here!,,150.0,0.0,,👩🏻‍🔧
598,122,31,queue,wait_here,71.68167243673017,,,,,2.0,76,150,100.0,Wait Here!,,130.0,0.0,,👩🏼‍🦳
599,114,29,queue,wait_here,67.03429147938719,,,,,1.0,77,150,100.0,Wait Here!,,150.0,0.0,,👩🏻‍🔧
600,122,31,queue,wait_here,71.68167243673017,,,,,2.0,77,150,100.0,Wait Here!,,130.0,0.0,,👩🏼‍🦳
601,129,32,queue,wait_here,76.20555656205894,,,,,3.0,77,150,100.0,Wait Here!,,110.0,0.0,,👩🏼‍🦼
602,131,33,queue,wait_here,76.35480872567013,,,,,4.0,77,150,100.0,Wait Here!,,90.0,0.0,,🙋🏽‍♂️
603,114,29,queue,wait_here,67.03429147938719,,,,,1.0,78,150,100.0,Wait Here!,,150.0,0.0,,👩🏻‍🔧
604,122,31,queue,wait_here,71.68167243673017,,,,,2.0,78,150,100.0,Wait Here!,,130.0,0.0,,👩🏼‍🦳
605,129,32,queue,wait_here,76.20555656205894,,,,,3.0,78,150,100.0,Wait Here!,,110.0,0.0,,👩🏼‍🦼
606,131,33,queue,wait_here,76.35480872567013,,,,,4.0,78,150,100.0,Wait Here!,,90.0,0.0,,🙋🏽‍♂️
607,114,29,queue,wait_here,67.03429147938719,,,,,1.0,79,150,100.0,Wait Here!,,150.0,0.0,,👩🏻‍🔧
608,122,31,queue,wait_here,71.68167243673017,,,,,2.0,79,150,100.0,Wait Here!,,130.0,0.0,,👩🏼‍🦳
609,129,32,queue,wait_here,76.20555656205894,,,,,3.0,79,150,100.0,Wait Here!,,110.0,0.0,,👩🏼‍🦼
610,131,33,queue,wait_here,76.35480872567013,,,,,4.0,79,150,100.0,Wait Here!,,90.0,0.0,,🙋🏽‍♂️
611,114,29,queue,wait_here,67.03429147938719,,,,,1.0,80,150,100.0,Wait Here!,,150.0,0.0,,👩🏻‍🔧
612,129,32,queue,wait_here,76.20555656205894,,,,,2.0,80,150,100.0,Wait Here!,,130.0,0.0,,👩🏼‍🦼
613,131,33,queue,wait_here,76.35480872567013,,,,,3.0,80,150,100.0,Wait Here!,,110.0,0.0,,🙋🏽‍♂️
614,129,32,queue,wait_here,76.20555656205894,,,,,1.0,81,150,100.0,Wait Here!,,150.0,0.0,,👩🏼‍🦼
615,131,33,queue,wait_here,76.35480872567013,,,,,2.0,81,150,100.0,Wait Here!,,130.0,0.0,,🙋🏽‍♂️
616,129,32,queue,wait_here,76.20555656205894,,,,,1.0,82,150,100.0,Wait Here!,,150.0,0.0,,👩🏼‍🦼
617,131,33,queue,wait_here,76.35480872567013,,,,,2.0,82,150,100.0,Wait Here!,,130.0,0.0,,🙋🏽‍♂️
618,129,32,queue,wait_here,76.20555656205894,,,,,1.0,83,150,100.0,Wait Here!,,150.0,0.0,,👩🏼‍🦼
619,131,33,queue,wait_here,76.35480872567013,,,,,2.0,83,150,100.0,Wait Here!,,130.0,0.0,,🙋🏽‍♂️
620,129,32,queue,wait_here,76.20555656205894,,,,,1.0,84,150,100.0,Wait Here!,,150.0,0.0,,👩🏼‍🦼
621,131,33,queue,wait_here,76.35480872567013,,,,,2.0,84,150,100.0,Wait Here!,,130.0,0.0,,🙋🏽‍♂️
622,131,33,queue,wait_here,76.35480872567013,,,,,1.0,85,150,100.0,Wait Here!,,150.0,0.0,,🙋🏽‍♂️
623,138,34,queue,wait_here,84.01506692505227,,,,,2.0,85,150,100.0,Wait Here!,,130.0,0.0,,👩🏿‍🎓
624,138,34,queue,wait_here,84.01506692505227,,,,,1.0,86,150,100.0,Wait Here!,,150.0,0.0,,👩🏿‍🎓
625,138,34,queue,wait_here,84.01506692505227,,,,,1.0,87,150,100.0,Wait Here!,,150.0,0.0,,👩🏿‍🎓
626,138,34,queue,wait_here,84.01506692505227,,,,,1.0,88,150,100.0,Wait Here!,,150.0,0.0,,👩🏿‍🎓
627,138,34,queue,wait_here,84.01506692505227,,,,,1.0,89,150,100.0,Wait Here!,,150.0,0.0,,👩🏿‍🎓
628,138,34,queue,wait_here,84.01506692505227,,,,,1.0,90,150,100.0,Wait Here!,,150.0,0.0,,👩🏿‍🎓
629,145,35,queue,wait_here,90.4078955825854,,,,,1.0,91,150,100.0,Wait Here!,,150.0,0.0,,👴🏻
630,145,35,queue,wait_here,90.4078955825854,,,,,1.0,92,150,100.0,Wait Here!,,150.0,0.0,,👴🏻
631,145,35,queue,wait_here,90.4078955825854,,,,,1.0,93,150,100.0,Wait Here!,,150.0,0.0,,👴🏻
632,145,35,queue,wait_here,90.4078955825854,,,,,1.0,94,150,100.0,Wait Here!,,150.0,0.0,,👴🏻
633,145,35,queue,wait_here,90.4078955825854,,,,,1.0,95,150,100.0,Wait Here!,,150.0,0.0,,👴🏻
634,149,36,queue,wait_here,94.34987772551712,,,,,2.0,95,150,100.0,Wait Here!,,130.0,0.0,,🤷🏻‍♀️
635,151,37,queue,wait_here,94.77732022373799,,,,,3.0,95,150,100.0,Wait Here!,,110.0,0.0,,👶🏾
636,153,38,queue,wait_here,94.94133958047857,,,,,4.0,95,150,100.0,Wait Here!,,90.0,0.0,,👨🏻‍✈️
637,149,36,queue,wait_here,94.34987772551712,,,,,1.0,96,150,100.0,Wait Here!,,150.0,0.0,,🤷🏻‍♀️
638,151,37,queue,wait_here,94.77732022373799,,,,,2.0,96,150,100.0,Wait Here!,,130.0,0.0,,👶🏾
639,153,38,queue,wait_here,94.94133958047857,,,,,3.0,96,150,100.0,Wait Here!,,110.0,0.0,,👨🏻‍✈️
640,149,36,queue,wait_here,94.34987772551712,,,,,1.0,97,150,100.0,Wait Here!,,150.0,0.0,,🤷🏻‍♀️
641,151,37,queue,wait_here,94.77732022373799,,,,,2.0,97,150,100.0,Wait Here!,,130.0,0.0,,👶🏾
642,153,38,queue,wait_here,94.94133958047857,,,,,3.0,97,150,100.0,Wait Here!,,110.0,0.0,,👨🏻‍✈️
643,158,39,queue,wait_here,96.28718457677935,,,,,4.0,97,150,100.0,Wait Here!,,90.0,0.0,,🙎🏿‍♀️
644,160,40,queue,wait_here,96.84898694318389,,,,,5.0,97,150,100.0,Wait Here!,,70.0,0.0,,👶🏻
645,151,37,queue,wait_here,94.77732022373799,,,,,1.0,98,150,100.0,Wait Here!,,150.0,0.0,,👶🏾
646,153,38,queue,wait_here,94.94133958047857,,,,,2.0,98,150,100.0,Wait Here!,,130.0,0.0,,👨🏻‍✈️
647,158,39,queue,wait_here,96.28718457677935,,,,,3.0,98,150,100.0,Wait Here!,,110.0,0.0,,🙎🏿‍♀️
648,160,40,queue,wait_here,96.84898694318389,,,,,4.0,98,150,100.0,Wait Here!,,90.0,0.0,,👶🏻
649,151,37,queue,wait_here,94.77732022373799,,,,,1.0,99,150,100.0,Wait Here!,,150.0,0.0,,👶🏾
650,153,38,queue,wait_here,94.94133958047857,,,,,2.0,99,150,100.0,Wait Here!,,130.0,0.0,,👨🏻‍✈️
651,158,39,queue,wait_here,96.28718457677935,,,,,3.0,99,150,100.0,Wait Here!,,110.0,0.0,,🙎🏿‍♀️
652,160,40,queue,wait_here,96.84898694318389,,,,,4.0,99,150,100.0,Wait Here!,,90.0,0.0,,👶🏻
653,151,37,queue,wait_here,94.77732022373799,,,,,1.0,100,150,100.0,Wait Here!,,150.0,0.0,,👶🏾
654,153,38,queue,wait_here,94.94133958047857,,,,,2.0,100,150,100.0,Wait Here!,,130.0,0.0,,👨🏻‍✈️
655,158,39,queue,wait_here,96.28718457677935,,,,,3.0,100,150,100.0,Wait Here!,,110.0,0.0,,🙎🏿‍♀️
656,160,40,queue,wait_here,96.84898694318389,,,,,4.0,100,150,100.0,Wait Here!,,90.0,0.0,,👶🏻
657,153,38,queue,wait_here,94.94133958047857,,,,,1.0,101,150,100.0,Wait Here!,,150.0,0.0,,👨🏻‍✈️
658,158,39,queue,wait_here,96.28718457677935,,,,,2.0,101,150,100.0,Wait Here!,,130.0,0.0,,🙎🏿‍♀️
659,160,40,queue,wait_here,96.84898694318389,,,,,3.0,101,150,100.0,Wait Here!,,110.0,0.0,,👶🏻
660,166,41,queue,wait_here,100.72485506150524,,,,,4.0,101,150,100.0,Wait Here!,,90.0,0.0,,👴🏿
661,153,38,queue,wait_here,94.94133958047857,,,,,1.0,102,150,100.0,Wait Here!,,150.0,0.0,,👨🏻‍✈️
662,158,39,queue,wait_here,96.28718457677935,,,,,2.0,102,150,100.0,Wait Here!,,130.0,0.0,,🙎🏿‍♀️
663,160,40,queue,wait_here,96.84898694318389,,,,,3.0,102,150,100.0,Wait Here!,,110.0,0.0,,👶🏻
664,166,41,queue,wait_here,100.72485506150524,,,,,4.0,102,150,100.0,Wait Here!,,90.0,0.0,,👴🏿
665,153,38,queue,wait_here,94.94133958047857,,,,,1.0,103,150,100.0,Wait Here!,,150.0,0.0,,👨🏻‍✈️
666,158,39,queue,wait_here,96.28718457677935,,,,,2.0,103,150,100.0,Wait Here!,,130.0,0.0,,🙎🏿‍♀️
667,160,40,queue,wait_here,96.84898694318389,,,,,3.0,103,150,100.0,Wait Here!,,110.0,0.0,,👶🏻
668,166,41,queue,wait_here,100.72485506150524,,,,,4.0,103,150,100.0,Wait Here!,,90.0,0.0,,👴🏿
669,170,42,queue,wait_here,102.31791388931087,,,,,5.0,103,150,100.0,Wait Here!,,70.0,0.0,,👨🏻‍🦳
670,172,43,queue,wait_here,102.54512998598794,,,,,6.0,103,150,130.0,Wait Here!,,150.0,1.0,,👩🏽
671,153,38,queue,wait_here,94.94133958047857,,,,,1.0,104,150,100.0,Wait Here!,,150.0,0.0,,👨🏻‍✈️
672,158,39,queue,wait_here,96.28718457677935,,,,,2.0,104,150,100.0,Wait Here!,,130.0,0.0,,🙎🏿‍♀️
673,160,40,queue,wait_here,96.84898694318389,,,,,3.0,104,150,100.0,Wait Here!,,110.0,0.0,,👶🏻
674,166,41,queue,wait_here,100.72485506150524,,,,,4.0,104,150,100.0,Wait Here!,,90.0,0.0,,👴🏿
675,170,42,queue,wait_here,102.31791388931087,,,,,5.0,104,150,100.0,Wait Here!,,70.0,0.0,,👨🏻‍🦳
676,172,43,queue,wait_here,102.54512998598794,,,,,6.0,104,150,130.0,Wait Here!,,150.0,1.0,,👩🏽
677,153,38,queue,wait_here,94.94133958047857,,,,,1.0,105,150,100.0,Wait Here!,,150.0,0.0,,👨🏻‍✈️
678,158,39,queue,wait_here,96.28718457677935,,,,,2.0,105,150,100.0,Wait Here!,,130.0,0.0,,🙎🏿‍♀️
679,160,40,queue,wait_here,96.84898694318389,,,,,3.0,105,150,100.0,Wait Here!,,110.0,0.0,,👶🏻
680,166,41,queue,wait_here,100.72485506150524,,,,,4.0,105,150,100.0,Wait Here!,,90.0,0.0,,👴🏿
681,170,42,queue,wait_here,102.31791388931087,,,,,5.0,105,150,100.0,Wait Here!,,70.0,0.0,,👨🏻‍🦳
682,172,43,queue,wait_here,102.54512998598794,,,,,6.0,105,150,130.0,Wait Here!,,150.0,1.0,,👩🏽
683,158,39,queue,wait_here,96.28718457677935,,,,,1.0,106,150,100.0,Wait Here!,,150.0,0.0,,🙎🏿‍♀️
684,160,40,queue,wait_here,96.84898694318389,,,,,2.0,106,150,100.0,Wait Here!,,130.0,0.0,,👶🏻
685,166,41,queue,wait_here,100.72485506150524,,,,,3.0,106,150,100.0,Wait Here!,,110.0,0.0,,👴🏿
686,170,42,queue,wait_here,102.31791388931087,,,,,4.0,106,150,100.0,Wait Here!,,90.0,0.0,,👨🏻‍🦳
687,172,43,queue,wait_here,102.54512998598794,,,,,5.0,106,150,100.0,Wait Here!,,70.0,0.0,,👩🏽
688,158,39,queue,wait_here,96.28718457677935,,,,,1.0,107,150,100.0,Wait Here!,,150.0,0.0,,🙎🏿‍♀️
689,160,40,queue,wait_here,96.84898694318389,,,,,2.0,107,150,100.0,Wait Here!,,130.0,0.0,,👶🏻
690,166,41,queue,wait_here,100.72485506150524,,,,,3.0,107,150,100.0,Wait Here!,,110.0,0.0,,👴🏿
691,170,42,queue,wait_here,102.31791388931087,,,,,4.0,107,150,100.0,Wait Here!,,90.0,0.0,,👨🏻‍🦳
692,172,43,queue,wait_here,102.54512998598794,,,,,5.0,107,150,100.0,Wait Here!,,70.0,0.0,,👩🏽
693,158,39,queue,wait_here,96.28718457677935,,,,,1.0,108,150,100.0,Wait Here!,,150.0,0.0,,🙎🏿‍♀️
694,160,40,queue,wait_here,96.84898694318389,,,,,2.0,108,150,100.0,Wait Here!,,130.0,0.0,,👶🏻
695,166,41,queue,wait_here,100.72485506150524,,,,,3.0,108,150,100.0,Wait Here!,,110.0,0.0,,👴🏿
696,170,42,queue,wait_here,102.31791388931087,,,,,4.0,108,150,100.0,Wait Here!,,90.0,0.0,,👨🏻‍🦳
697,172,43,queue,wait_here,102.54512998598794,,,,,5.0,108,150,100.0,Wait Here!,,70.0,0.0,,👩🏽
698,160,40,queue,wait_here,96.84898694318389,,,,,1.0,109,150,100.0,Wait Here!,,150.0,0.0,,👶🏻
699,166,41,queue,wait_here,100.72485506150524,,,,,2.0,109,150,100.0,Wait Here!,,130.0,0.0,,👴🏿
700,170,42,queue,wait_here,102.31791388931087,,,,,3.0,109,150,100.0,Wait Here!,,110.0,0.0,,👨🏻‍🦳
701,172,43,queue,wait_here,102.54512998598794,,,,,4.0,109,150,100.0,Wait Here!,,90.0,0.0,,👩🏽
702,160,40,queue,wait_here,96.84898694318389,,,,,1.0,110,150,100.0,Wait Here!,,150.0,0.0,,👶🏻
703,166,41,queue,wait_here,100.72485506150524,,,,,2.0,110,150,100.0,Wait Here!,,130.0,0.0,,👴🏿
704,170,42,queue,wait_here,102.31791388931087,,,,,3.0,110,150,100.0,Wait Here!,,110.0,0.0,,👨🏻‍🦳
705,177,44,queue,wait_here,109.30076568009129,,,,,4.0,110,150,100.0,Wait Here!,,90.0,0.0,,👩🏽‍🦳
706,160,40,queue,wait_here,96.84898694318389,,,,,1.0,111,150,100.0,Wait Here!,,150.0,0.0,,👶🏻
707,170,42,queue,wait_here,102.31791388931087,,,,,2.0,111,150,100.0,Wait Here!,,130.0,0.0,,👨🏻‍🦳
708,177,44,queue,wait_here,109.30076568009129,,,,,3.0,111,150,100.0,Wait Here!,,110.0,0.0,,👩🏽‍🦳
709,160,40,queue,wait_here,96.84898694318389,,,,,1.0,112,150,100.0,Wait Here!,,150.0,0.0,,👶🏻
710,170,42,queue,wait_here,102.31791388931087,,,,,2.0,112,150,100.0,Wait Here!,,130.0,0.0,,👨🏻‍🦳
711,177,44,queue,wait_here,109.30076568009129,,,,,3.0,112,150,100.0,Wait Here!,,110.0,0.0,,👩🏽‍🦳
712,177,44,queue,wait_here,109.30076568009129,,,,,1.0,113,150,100.0,Wait Here!,,150.0,0.0,,👩🏽‍🦳
713,177,44,queue,wait_here,109.30076568009129,,,,,1.0,114,150,100.0,Wait Here!,,150.0,0.0,,👩🏽‍🦳
714,177,44,queue,wait_here,109.30076568009129,,,,,1.0,115,150,100.0,Wait Here!,,150.0,0.0,,👩🏽‍🦳
715,177,44,queue,wait_here,109.30076568009129,,,,,1.0,116,150,100.0,Wait Here!,,150.0,0.0,,👩🏽‍🦳
716,188,45,queue,wait_here,115.44006265549069,,,,,2.0,116,150,100.0,Wait Here!,,130.0,0.0,,🧍🏼‍♂️
717,177,44,queue,wait_here,109.30076568009129,,,,,1.0,117,150,100.0,Wait Here!,,150.0,0.0,,👩🏽‍🦳
718,188,45,queue,wait_here,115.44006265549069,,,,,2.0,117,150,100.0,Wait Here!,,130.0,0.0,,🧍🏼‍♂️
719,188,45,queue,wait_here,115.44006265549069,,,,,1.0,118,150,100.0,Wait Here!,,150.0,0.0,,🧍🏼‍♂️
720,188,45,queue,wait_here,115.44006265549069,,,,,1.0,119,150,100.0,Wait Here!,,150.0,0.0,,🧍🏼‍♂️
721,188,45,queue,wait_here,115.44006265549069,,,,,1.0,120,150,100.0,Wait Here!,,150.0,0.0,,🧍🏼‍♂️
722,188,45,queue,wait_here,115.44006265549069,,,,,1.0,121,150,100.0,Wait Here!,,150.0,0.0,,🧍🏼‍♂️
723,193,46,queue,wait_here,120.99186384079022,,,,,2.0,121,150,100.0,Wait Here!,,130.0,0.0,,👩🏽‍🎓
724,188,45,queue,wait_here,115.44006265549069,,,,,1.0,122,150,100.0,Wait Here!,,150.0,0.0,,🧍🏼‍♂️
725,193,46,queue,wait_here,120.99186384079022,,,,,2.0,122,150,100.0,Wait Here!,,130.0,0.0,,👩🏽‍🎓
726,188,45,queue,wait_here,115.44006265549069,,,,,1.0,123,150,100.0,Wait Here!,,150.0,0.0,,🧍🏼‍♂️
727,193,46,queue,wait_here,120.99186384079022,,,,,2.0,123,150,100.0,Wait Here!,,130.0,0.0,,👩🏽‍🎓
728,195,47,queue,wait_here,122.13252049925507,,,,,3.0,123,150,100.0,Wait Here!,,110.0,0.0,,👱🏻‍♀️
729,188,45,queue,wait_here,115.44006265549069,,,,,1.0,124,150,100.0,Wait Here!,,150.0,0.0,,🧍🏼‍♂️
730,193,46,queue,wait_here,120.99186384079022,,,,,2.0,124,150,100.0,Wait Here!,,130.0,0.0,,👩🏽‍🎓
731,195,47,queue,wait_here,122.13252049925507,,,,,3.0,124,150,100.0,Wait Here!,,110.0,0.0,,👱🏻‍♀️
732,188,45,queue,wait_here,115.44006265549069,,,,,1.0,125,150,100.0,Wait Here!,,150.0,0.0,,🧍🏼‍♂️
733,193,46,queue,wait_here,120.99186384079022,,,,,2.0,125,150,100.0,Wait Here!,,130.0,0.0,,👩🏽‍🎓
734,195,47,queue,wait_here,122.13252049925507,,,,,3.0,125,150,100.0,Wait Here!,,110.0,0.0,,👱🏻‍♀️
735,193,46,queue,wait_here,120.99186384079022,,,,,1.0,126,150,100.0,Wait Here!,,150.0,0.0,,👩🏽‍🎓
736,195,47,queue,wait_here,122.13252049925507,,,,,2.0,126,150,100.0,Wait Here!,,130.0,0.0,,👱🏻‍♀️
737,193,46,queue,wait_here,120.99186384079022,,,,,1.0,127,150,100.0,Wait Here!,,150.0,0.0,,👩🏽‍🎓
738,195,47,queue,wait_here,122.13252049925507,,,,,2.0,127,150,100.0,Wait Here!,,130.0,0.0,,👱🏻‍♀️
739,193,46,queue,wait_here,120.99186384079022,,,,,1.0,128,150,100.0,Wait Here!,,150.0,0.0,,👩🏽‍🎓
740,195,47,queue,wait_here,122.13252049925507,,,,,2.0,128,150,100.0,Wait Here!,,130.0,0.0,,👱🏻‍♀️
741,193,46,queue,wait_here,120.99186384079022,,,,,1.0,129,150,100.0,Wait Here!,,150.0,0.0,,👩🏽‍🎓
742,200,48,queue,wait_here,128.5672726510245,,,,,2.0,129,150,100.0,Wait Here!,,130.0,0.0,,👲🏼
743,193,46,queue,wait_here,120.99186384079022,,,,,1.0,130,150,100.0,Wait Here!,,150.0,0.0,,👩🏽‍🎓
744,200,48,queue,wait_here,128.5672726510245,,,,,2.0,130,150,100.0,Wait Here!,,130.0,0.0,,👲🏼
745,203,49,queue,wait_here,129.49799786375155,,,,,3.0,130,150,100.0,Wait Here!,,110.0,0.0,,🧕🏾
746,200,48,queue,wait_here,128.5672726510245,,,,,1.0,131,150,100.0,Wait Here!,,150.0,0.0,,👲🏼
747,203,49,queue,wait_here,129.49799786375155,,,,,2.0,131,150,100.0,Wait Here!,,130.0,0.0,,🧕🏾
748,208,50,queue,wait_here,130.73951509181296,,,,,3.0,131,150,100.0,Wait Here!,,110.0,0.0,,👨🏻‍🦯
749,200,48,queue,wait_here,128.5672726510245,,,,,1.0,132,150,100.0,Wait Here!,,150.0,0.0,,👲🏼
750,203,49,queue,wait_here,129.49799786375155,,,,,2.0,132,150,100.0,Wait Here!,,130.0,0.0,,🧕🏾
751,208,50,queue,wait_here,130.73951509181296,,,,,3.0,132,150,100.0,Wait Here!,,110.0,0.0,,👨🏻‍🦯
752,200,48,queue,wait_here,128.5672726510245,,,,,1.0,133,150,100.0,Wait Here!,,150.0,0.0,,👲🏼
753,203,49,queue,wait_here,129.49799786375155,,,,,2.0,133,150,100.0,Wait Here!,,130.0,0.0,,🧕🏾
754,208,50,queue,wait_here,130.73951509181296,,,,,3.0,133,150,100.0,Wait Here!,,110.0,0.0,,👨🏻‍🦯
755,200,48,queue,wait_here,128.5672726510245,,,,,1.0,134,150,100.0,Wait Here!,,150.0,0.0,,👲🏼
756,203,49,queue,wait_here,129.49799786375155,,,,,2.0,134,150,100.0,Wait Here!,,130.0,0.0,,🧕🏾
757,208,50,queue,wait_here,130.73951509181296,,,,,3.0,134,150,100.0,Wait Here!,,110.0,0.0,,👨🏻‍🦯
758,200,48,queue,wait_here,128.5672726510245,,,,,1.0,135,150,100.0,Wait Here!,,150.0,0.0,,👲🏼
759,203,49,queue,wait_here,129.49799786375155,,,,,2.0,135,150,100.0,Wait Here!,,130.0,0.0,,🧕🏾
760,208,50,queue,wait_here,130.73951509181296,,,,,3.0,135,150,100.0,Wait Here!,,110.0,0.0,,👨🏻‍🦯
761,200,48,queue,wait_here,128.5672726510245,,,,,1.0,136,150,100.0,Wait Here!,,150.0,0.0,,👲🏼
762,203,49,queue,wait_here,129.49799786375155,,,,,2.0,136,150,100.0,Wait Here!,,130.0,0.0,,🧕🏾
763,208,50,queue,wait_here,130.73951509181296,,,,,3.0,136,150,100.0,Wait Here!,,110.0,0.0,,👨🏻‍🦯
764,211,51,queue,wait_here,135.36467579991574,,,,,4.0,136,150,100.0,Wait Here!,,90.0,0.0,,🧔🏿
765,213,52,queue,wait_here,135.87752559129163,,,,,5.0,136,150,100.0,Wait Here!,,70.0,0.0,,👳🏿
766,203,49,queue,wait_here,129.49799786375155,,,,,1.0,137,150,100.0,Wait Here!,,150.0,0.0,,🧕🏾
767,208,50,queue,wait_here,130.73951509181296,,,,,2.0,137,150,100.0,Wait Here!,,130.0,0.0,,👨🏻‍🦯
768,211,51,queue,wait_here,135.36467579991574,,,,,3.0,137,150,100.0,Wait Here!,,110.0,0.0,,🧔🏿
769,213,52,queue,wait_here,135.87752559129163,,,,,4.0,137,150,100.0,Wait Here!,,90.0,0.0,,👳🏿
770,203,49,queue,wait_here,129.49799786375155,,,,,1.0,138,150,100.0,Wait Here!,,150.0,0.0,,🧕🏾
771,208,50,queue,wait_here,130.73951509181296,,,,,2.0,138,150,100.0,Wait Here!,,130.0,0.0,,👨🏻‍🦯
772,211,51,queue,wait_here,135.36467579991574,,,,,3.0,138,150,100.0,Wait Here!,,110.0,0.0,,🧔🏿
773,213,52,queue,wait_here,135.87752559129163,,,,,4.0,138,150,100.0,Wait Here!,,90.0,0.0,,👳🏿
774,216,53,queue,wait_here,137.2409605860913,,,,,5.0,138,150,100.0,Wait Here!,,70.0,0.0,,🤦🏻‍♂️
775,203,49,queue,wait_here,129.49799786375155,,,,,1.0,139,150,100.0,Wait Here!,,150.0,0.0,,🧕🏾
776,208,50,queue,wait_here,130.73951509181296,,,,,2.0,139,150,100.0,Wait Here!,,130.0,0.0,,👨🏻‍🦯
777,211,51,queue,wait_here,135.36467579991574,,,,,3.0,139,150,100.0,Wait Here!,,110.0,0.0,,🧔🏿
778,213,52,queue,wait_here,135.87752559129163,,,,,4.0,139,150,100.0,Wait Here!,,90.0,0.0,,👳🏿
779,216,53,queue,wait_here,137.2409605860913,,,,,5.0,139,150,100.0,Wait Here!,,70.0,0.0,,🤦🏻‍♂️
780,218,54,queue,wait_here,138.43923774026226,,,,,6.0,139,150,130.0,Wait Here!,,150.0,1.0,,👩🏽‍🦰
781,203,49,queue,wait_here,129.49799786375155,,,,,1.0,140,150,100.0,Wait Here!,,150.0,0.0,,🧕🏾
782,208,50,queue,wait_here,130.73951509181296,,,,,2.0,140,150,100.0,Wait Here!,,130.0,0.0,,👨🏻‍🦯
783,211,51,queue,wait_here,135.36467579991574,,,,,3.0,140,150,100.0,Wait Here!,,110.0,0.0,,🧔🏿
784,213,52,queue,wait_here,135.87752559129163,,,,,4.0,140,150,100.0,Wait Here!,,90.0,0.0,,👳🏿
785,216,53,queue,wait_here,137.2409605860913,,,,,5.0,140,150,100.0,Wait Here!,,70.0,0.0,,🤦🏻‍♂️
786,218,54,queue,wait_here,138.43923774026226,,,,,6.0,140,150,130.0,Wait Here!,,150.0,1.0,,👩🏽‍🦰
787,203,49,queue,wait_here,129.49799786375155,,,,,1.0,141,150,100.0,Wait Here!,,150.0,0.0,,🧕🏾
788,208,50,queue,wait_here,130.73951509181296,,,,,2.0,141,150,100.0,Wait Here!,,130.0,0.0,,👨🏻‍🦯
789,211,51,queue,wait_here,135.36467579991574,,,,,3.0,141,150,100.0,Wait Here!,,110.0,0.0,,🧔🏿
790,213,52,queue,wait_here,135.87752559129163,,,,,4.0,141,150,100.0,Wait Here!,,90.0,0.0,,👳🏿
791,216,53,queue,wait_here,137.2409605860913,,,,,5.0,141,150,100.0,Wait Here!,,70.0,0.0,,🤦🏻‍♂️
792,218,54,queue,wait_here,138.43923774026226,,,,,6.0,141,150,130.0,Wait Here!,,150.0,1.0,,👩🏽‍🦰
793,208,50,queue,wait_here,130.73951509181296,,,,,1.0,142,150,100.0,Wait Here!,,150.0,0.0,,👨🏻‍🦯
794,211,51,queue,wait_here,135.36467579991574,,,,,2.0,142,150,100.0,Wait Here!,,130.0,0.0,,🧔🏿
795,213,52,queue,wait_here,135.87752559129163,,,,,3.0,142,150,100.0,Wait Here!,,110.0,0.0,,👳🏿
796,216,53,queue,wait_here,137.2409605860913,,,,,4.0,142,150,100.0,Wait Here!,,90.0,0.0,,🤦🏻‍♂️
797,218,54,queue,wait_here,138.43923774026226,,,,,5.0,142,150,100.0,Wait Here!,,70.0,0.0,,👩🏽‍🦰
798,222,55,queue,wait_here,141.18449319062515,,,,,6.0,142,150,130.0,Wait Here!,,150.0,1.0,,👨🏼‍✈️
799,208,50,queue,wait_here,130.73951509181296,,,,,1.0,143,150,100.0,Wait Here!,,150.0,0.0,,👨🏻‍🦯
800,211,51,queue,wait_here,135.36467579991574,,,,,2.0,143,150,100.0,Wait Here!,,130.0,0.0,,🧔🏿
801,213,52,queue,wait_here,135.87752559129163,,,,,3.0,143,150,100.0,Wait Here!,,110.0,0.0,,👳🏿
802,216,53,queue,wait_here,137.2409605860913,,,,,4.0,143,150,100.0,Wait Here!,,90.0,0.0,,🤦🏻‍♂️
803,218,54,queue,wait_here,138.43923774026226,,,,,5.0,143,150,100.0,Wait Here!,,70.0,0.0,,👩🏽‍🦰
804,222,55,queue,wait_here,141.18449319062515,,,,,6.0,143,150,130.0,Wait Here!,,150.0,1.0,,👨🏼‍✈️
805,226,56,queue,wait_here,142.06739351854014,,,,,7.0,143,150,130.0,Wait Here!,,130.0,1.0,,👨🏾‍🦲
806,211,51,queue,wait_here,135.36467579991574,,,,,1.0,144,150,100.0,Wait Here!,,150.0,0.0,,🧔🏿
807,213,52,queue,wait_here,135.87752559129163,,,,,2.0,144,150,100.0,Wait Here!,,130.0,0.0,,👳🏿
808,218,54,queue,wait_here,138.43923774026226,,,,,3.0,144,150,100.0,Wait Here!,,110.0,0.0,,👩🏽‍🦰
809,222,55,queue,wait_here,141.18449319062515,,,,,4.0,144,150,100.0,Wait Here!,,90.0,0.0,,👨🏼‍✈️
810,226,56,queue,wait_here,142.06739351854014,,,,,5.0,144,150,100.0,Wait Here!,,70.0,0.0,,👨🏾‍🦲
811,211,51,queue,wait_here,135.36467579991574,,,,,1.0,145,150,100.0,Wait Here!,,150.0,0.0,,🧔🏿
812,213,52,queue,wait_here,135.87752559129163,,,,,2.0,145,150,100.0,Wait Here!,,130.0,0.0,,👳🏿
813,222,55,queue,wait_here,141.18449319062515,,,,,3.0,145,150,100.0,Wait Here!,,110.0,0.0,,👨🏼‍✈️
814,226,56,queue,wait_here,142.06739351854014,,,,,4.0,145,150,100.0,Wait Here!,,90.0,0.0,,👨🏾‍🦲
815,233,57,queue,wait_here,144.49079099714152,,,,,5.0,145,150,100.0,Wait Here!,,70.0,0.0,,🧍🏾‍♂️
816,211,51,queue,wait_here,135.36467579991574,,,,,1.0,146,150,100.0,Wait Here!,,150.0,0.0,,🧔🏿
817,213,52,queue,wait_here,135.87752559129163,,,,,2.0,146,150,100.0,Wait Here!,,130.0,0.0,,👳🏿
818,222,55,queue,wait_here,141.18449319062515,,,,,3.0,146,150,100.0,Wait Here!,,110.0,0.0,,👨🏼‍✈️
819,226,56,queue,wait_here,142.06739351854014,,,,,4.0,146,150,100.0,Wait Here!,,90.0,0.0,,👨🏾‍🦲
820,233,57,queue,wait_here,144.49079099714152,,,,,5.0,146,150,100.0,Wait Here!,,70.0,0.0,,🧍🏾‍♂️
821,213,52,queue,wait_here,135.87752559129163,,,,,1.0,147,150,100.0,Wait Here!,,150.0,0.0,,👳🏿
822,222,55,queue,wait_here,141.18449319062515,,,,,2.0,147,150,100.0,Wait Here!,,130.0,0.0,,👨🏼‍✈️
823,226,56,queue,wait_here,142.06739351854014,,,,,3.0,147,150,100.0,Wait Here!,,110.0,0.0,,👨🏾‍🦲
824,233,57,queue,wait_here,144.49079099714152,,,,,4.0,147,150,100.0,Wait Here!,,90.0,0.0,,🧍🏾‍♂️
825,213,52,queue,wait_here,135.87752559129163,,,,,1.0,148,150,100.0,Wait Here!,,150.0,0.0,,👳🏿
826,222,55,queue,wait_here,141.18449319062515,,,,,2.0,148,150,100.0,Wait Here!,,130.0,0.0,,👨🏼‍✈️
827,226,56,queue,wait_here,142.06739351854014,,,,,3.0,148,150,100.0,Wait Here!,,110.0,0.0,,👨🏾‍🦲
828,233,57,queue,wait_here,144.49079099714152,,,,,4.0,148,150,100.0,Wait Here!,,90.0,0.0,,🧍🏾‍♂️
829,213,52,queue,wait_here,135.87752559129163,,,,,1.0,149,150,100.0,Wait Here!,,150.0,0.0,,👳🏿
830,222,55,queue,wait_here,141.18449319062515,,,,,2.0,149,150,100.0,Wait Here!,,130.0,0.0,,👨🏼‍✈️
831,226,56,queue,wait_here,142.06739351854014,,,,,3.0,149,150,100.0,Wait Here!,,110.0,0.0,,👨🏾‍🦲
832,233,57,queue,wait_here,144.49079099714152,,,,,4.0,149,150,100.0,Wait Here!,,90.0,0.0,,🧍🏾‍♂️
833,222,55,queue,wait_here,141.18449319062515,,,,,1.0,150,150,100.0,Wait Here!,,150.0,0.0,,👨🏼‍✈️
834,226,56,queue,wait_here,142.06739351854014,,,,,2.0,150,150,100.0,Wait Here!,,130.0,0.0,,👨🏾‍🦲
835,233,57,queue,wait_here,144.49079099714152,,,,,3.0,150,150,100.0,Wait Here!,,110.0,0.0,,🧍🏾‍♂️
836,238,58,queue,wait_here,149.5199935870356,,,,,4.0,150,150,100.0,Wait Here!,,90.0,0.0,,👧🏼
837,241,59,queue,wait_here,149.79939012511926,,,,,5.0,150,150,100.0,Wait Here!,,70.0,0.0,,🤷🏿‍♂️
838,222,55,queue,wait_here,141.18449319062515,,,,,1.0,151,150,100.0,Wait Here!,,150.0,0.0,,👨🏼‍✈️
839,226,56,queue,wait_here,142.06739351854014,,,,,2.0,151,150,100.0,Wait Here!,,130.0,0.0,,👨🏾‍🦲
840,233,57,queue,wait_here,144.49079099714152,,,,,3.0,151,150,100.0,Wait Here!,,110.0,0.0,,🧍🏾‍♂️
841,238,58,queue,wait_here,149.5199935870356,,,,,4.0,151,150,100.0,Wait Here!,,90.0,0.0,,👧🏼
842,241,59,queue,wait_here,149.79939012511926,,,,,5.0,151,150,100.0,Wait Here!,,70.0,0.0,,🤷🏿‍♂️
843,226,56,queue,wait_here,142.06739351854014,,,,,1.0,152,150,100.0,Wait Here!,,150.0,0.0,,👨🏾‍🦲
844,233,57,queue,wait_here,144.49079099714152,,,,,2.0,152,150,100.0,Wait Here!,,130.0,0.0,,🧍🏾‍♂️
845,238,58,queue,wait_here,149.5199935870356,,,,,3.0,152,150,100.0,Wait Here!,,110.0,0.0,,👧🏼
846,241,59,queue,wait_here,149.79939012511926,,,,,4.0,152,150,100.0,Wait Here!,,90.0,0.0,,🤷🏿‍♂️
847,244,60,queue,wait_here,151.8201786594662,,,,,5.0,152,150,100.0,Wait Here!,,70.0,0.0,,👨🏿‍🔧
848,226,56,queue,wait_here,142.06739351854014,,,,,1.0,153,150,100.0,Wait Here!,,150.0,0.0,,👨🏾‍🦲
849,233,57,queue,wait_here,144.49079099714152,,,,,2.0,153,150,100.0,Wait Here!,,130.0,0.0,,🧍🏾‍♂️
850,238,58,queue,wait_here,149.5199935870356,,,,,3.0,153,150,100.0,Wait Here!,,110.0,0.0,,👧🏼
851,241,59,queue,wait_here,149.79939012511926,,,,,4.0,153,150,100.0,Wait Here!,,90.0,0.0,,🤷🏿‍♂️
852,244,60,queue,wait_here,151.8201786594662,,,,,5.0,153,150,100.0,Wait Here!,,70.0,0.0,,👨🏿‍🔧
853,247,61,queue,wait_here,152.55127551444977,,,,,6.0,153,150,130.0,Wait Here!,,150.0,1.0,,👱🏾‍♂️
854,226,56,queue,wait_here,142.06739351854014,,,,,1.0,154,150,100.0,Wait Here!,,150.0,0.0,,👨🏾‍🦲
855,233,57,queue,wait_here,144.49079099714152,,,,,2.0,154,150,100.0,Wait Here!,,130.0,0.0,,🧍🏾‍♂️
856,238,58,queue,wait_here,149.5199935870356,,,,,3.0,154,150,100.0,Wait Here!,,110.0,0.0,,👧🏼
857,241,59,queue,wait_here,149.79939012511926,,,,,4.0,154,150,100.0,Wait Here!,,90.0,0.0,,🤷🏿‍♂️
858,244,60,queue,wait_here,151.8201786594662,,,,,5.0,154,150,100.0,Wait Here!,,70.0,0.0,,👨🏿‍🔧
859,247,61,queue,wait_here,152.55127551444977,,,,,6.0,154,150,130.0,Wait Here!,,150.0,1.0,,👱🏾‍♂️
860,251,62,queue,wait_here,153.41000448038972,,,,,7.0,154,150,130.0,Wait Here!,,130.0,1.0,,👨🏼‍🎓
861,226,56,queue,wait_here,142.06739351854014,,,,,1.0,155,150,100.0,Wait Here!,,150.0,0.0,,👨🏾‍🦲
862,233,57,queue,wait_here,144.49079099714152,,,,,2.0,155,150,100.0,Wait Here!,,130.0,0.0,,🧍🏾‍♂️
863,238,58,queue,wait_here,149.5199935870356,,,,,3.0,155,150,100.0,Wait Here!,,110.0,0.0,,👧🏼
864,241,59,queue,wait_here,149.79939012511926,,,,,4.0,155,150,100.0,Wait Here!,,90.0,0.0,,🤷🏿‍♂️
865,244,60,queue,wait_here,151.8201786594662,,,,,5.0,155,150,100.0,Wait Here!,,70.0,0.0,,👨🏿‍🔧
866,247,61,queue,wait_here,152.55127551444977,,,,,6.0,155,150,130.0,Wait Here!,,150.0,1.0,,👱🏾‍♂️
867,251,62,queue,wait_here,153.41000448038972,,,,,7.0,155,150,130.0,Wait Here!,,130.0,1.0,,👨🏼‍🎓
868,254,63,queue,wait_here,154.79923113663665,,,,,8.0,155,150,130.0,Wait Here!,,110.0,1.0,,👵🏼
869,233,57,queue,wait_here,144.49079099714152,,,,,1.0,156,150,100.0,Wait Here!,,150.0,0.0,,🧍🏾‍♂️
870,238,58,queue,wait_here,149.5199935870356,,,,,2.0,156,150,100.0,Wait Here!,,130.0,0.0,,👧🏼
871,241,59,queue,wait_here,149.79939012511926,,,,,3.0,156,150,100.0,Wait Here!,,110.0,0.0,,🤷🏿‍♂️
872,244,60,queue,wait_here,151.8201786594662,,,,,4.0,156,150,100.0,Wait Here!,,90.0,0.0,,👨🏿‍🔧
873,247,61,queue,wait_here,152.55127551444977,,,,,5.0,156,150,100.0,Wait Here!,,70.0,0.0,,👱🏾‍♂️
874,251,62,queue,wait_here,153.41000448038972,,,,,6.0,156,150,130.0,Wait Here!,,150.0,1.0,,👨🏼‍🎓
875,254,63,queue,wait_here,154.79923113663665,,,,,7.0,156,150,130.0,Wait Here!,,130.0,1.0,,👵🏼
876,233,57,queue,wait_here,144.49079099714152,,,,,1.0,157,150,100.0,Wait Here!,,150.0,0.0,,🧍🏾‍♂️
877,238,58,queue,wait_here,149.5199935870356,,,,,2.0,157,150,100.0,Wait Here!,,130.0,0.0,,👧🏼
878,241,59,queue,wait_here,149.79939012511926,,,,,3.0,157,150,100.0,Wait Here!,,110.0,0.0,,🤷🏿‍♂️
879,244,60,queue,wait_here,151.8201786594662,,,,,4.0,157,150,100.0,Wait Here!,,90.0,0.0,,👨🏿‍🔧
880,247,61,queue,wait_here,152.55127551444977,,,,,5.0,157,150,100.0,Wait Here!,,70.0,0.0,,👱🏾‍♂️
881,251,62,queue,wait_here,153.41000448038972,,,,,6.0,157,150,130.0,Wait Here!,,150.0,1.0,,👨🏼‍🎓
882,254,63,queue,wait_here,154.79923113663665,,,,,7.0,157,150,130.0,Wait Here!,,130.0,1.0,,👵🏼
883,258,64,queue,wait_here,156.3834428568839,,,,,8.0,157,150,130.0,Wait Here!,,110.0,1.0,,🤵🏿
884,233,57,queue,wait_here,144.49079099714152,,,,,1.0,158,150,100.0,Wait Here!,,150.0,0.0,,🧍🏾‍♂️
885,238,58,queue,wait_here,149.5199935870356,,,,,2.0,158,150,100.0,Wait Here!,,130.0,0.0,,👧🏼
886,241,59,queue,wait_here,149.79939012511926,,,,,3.0,158,150,100.0,Wait Here!,,110.0,0.0,,🤷🏿‍♂️
887,244,60,queue,wait_here,151.8201786594662,,,,,4.0,158,150,100.0,Wait Here!,,90.0,0.0,,👨🏿‍🔧
888,247,61,queue,wait_here,152.55127551444977,,,,,5.0,158,150,100.0,Wait Here!,,70.0,0.0,,👱🏾‍♂️
889,251,62,queue,wait_here,153.41000448038972,,,,,6.0,158,150,130.0,Wait Here!,,150.0,1.0,,👨🏼‍🎓
890,254,63,queue,wait_here,154.79923113663665,,,,,7.0,158,150,130.0,Wait Here!,,130.0,1.0,,👵🏼
891,258,64,queue,wait_here,156.3834428568839,,,,,8.0,158,150,130.0,Wait Here!,,110.0,1.0,,🤵🏿
892,260,65,queue,wait_here,157.80034567089862,,,,,9.0,158,150,130.0,Wait Here!,,90.0,1.0,,🤦🏾‍♀️
893,262,66,queue,wait_here,157.88651020529846,,,,,10.0,158,150,130.0,Wait Here!,,70.0,1.0,,👳🏻
894,238,58,queue,wait_here,149.5199935870356,,,,,1.0,159,150,100.0,Wait Here!,,150.0,0.0,,👧🏼
895,241,59,queue,wait_here,149.79939012511926,,,,,2.0,159,150,100.0,Wait Here!,,130.0,0.0,,🤷🏿‍♂️
896,244,60,queue,wait_here,151.8201786594662,,,,,3.0,159,150,100.0,Wait Here!,,110.0,0.0,,👨🏿‍🔧
897,247,61,queue,wait_here,152.55127551444977,,,,,4.0,159,150,100.0,Wait Here!,,90.0,0.0,,👱🏾‍♂️
898,251,62,queue,wait_here,153.41000448038972,,,,,5.0,159,150,100.0,Wait Here!,,70.0,0.0,,👨🏼‍🎓
899,254,63,queue,wait_here,154.79923113663665,,,,,6.0,159,150,130.0,Wait Here!,,150.0,1.0,,👵🏼
900,258,64,queue,wait_here,156.3834428568839,,,,,7.0,159,150,130.0,Wait Here!,,130.0,1.0,,🤵🏿
901,260,65,queue,wait_here,157.80034567089862,,,,,8.0,159,150,130.0,Wait Here!,,110.0,1.0,,🤦🏾‍♀️
902,262,66,queue,wait_here,157.88651020529846,,,,,9.0,159,150,130.0,Wait Here!,,90.0,1.0,,👳🏻
903,238,58,queue,wait_here,149.5199935870356,,,,,1.0,160,150,100.0,Wait Here!,,150.0,0.0,,👧🏼
904,241,59,queue,wait_here,149.79939012511926,,,,,2.0,160,150,100.0,Wait Here!,,130.0,0.0,,🤷🏿‍♂️
905,244,60,queue,wait_here,151.8201786594662,,,,,3.0,160,150,100.0,Wait Here!,,110.0,0.0,,👨🏿‍🔧
906,247,61,queue,wait_here,152.55127551444977,,,,,4.0,160,150,100.0,Wait Here!,,90.0,0.0,,👱🏾‍♂️
907,251,62,queue,wait_here,153.41000448038972,,,,,5.0,160,150,100.0,Wait Here!,,70.0,0.0,,👨🏼‍🎓
908,254,63,queue,wait_here,154.79923113663665,,,,,6.0,160,150,130.0,Wait Here!,,150.0,1.0,,👵🏼
909,258,64,queue,wait_here,156.3834428568839,,,,,7.0,160,150,130.0,Wait Here!,,130.0,1.0,,🤵🏿
910,260,65,queue,wait_here,157.80034567089862,,,,,8.0,160,150,130.0,Wait Here!,,110.0,1.0,,🤦🏾‍♀️
911,262,66,queue,wait_here,157.88651020529846,,,,,9.0,160,150,130.0,Wait Here!,,90.0,1.0,,👳🏻
912,238,58,queue,wait_here,149.5199935870356,,,,,1.0,161,150,100.0,Wait Here!,,150.0,0.0,,👧🏼
913,241,59,queue,wait_here,149.79939012511926,,,,,2.0,161,150,100.0,Wait Here!,,130.0,0.0,,🤷🏿‍♂️
914,244,60,queue,wait_here,151.8201786594662,,,,,3.0,161,150,100.0,Wait Here!,,110.0,0.0,,👨🏿‍🔧
915,247,61,queue,wait_here,152.55127551444977,,,,,4.0,161,150,100.0,Wait Here!,,90.0,0.0,,👱🏾‍♂️
916,251,62,queue,wait_here,153.41000448038972,,,,,5.0,161,150,100.0,Wait Here!,,70.0,0.0,,👨🏼‍🎓
917,254,63,queue,wait_here,154.79923113663665,,,,,6.0,161,150,130.0,Wait Here!,,150.0,1.0,,👵🏼
918,258,64,queue,wait_here,156.3834428568839,,,,,7.0,161,150,130.0,Wait Here!,,130.0,1.0,,🤵🏿
919,260,65,queue,wait_here,157.80034567089862,,,,,8.0,161,150,130.0,Wait Here!,,110.0,1.0,,🤦🏾‍♀️
920,262,66,queue,wait_here,157.88651020529846,,,,,9.0,161,150,130.0,Wait Here!,,90.0,1.0,,👳🏻
921,238,58,queue,wait_here,149.5199935870356,,,,,1.0,162,150,100.0,Wait Here!,,150.0,0.0,,👧🏼
922,241,59,queue,wait_here,149.79939012511926,,,,,2.0,162,150,100.0,Wait Here!,,130.0,0.0,,🤷🏿‍♂️
923,244,60,queue,wait_here,151.8201786594662,,,,,3.0,162,150,100.0,Wait Here!,,110.0,0.0,,👨🏿‍🔧
924,247,61,queue,wait_here,152.55127551444977,,,,,4.0,162,150,100.0,Wait Here!,,90.0,0.0,,👱🏾‍♂️
925,251,62,queue,wait_here,153.41000448038972,,,,,5.0,162,150,100.0,Wait Here!,,70.0,0.0,,👨🏼‍🎓
926,254,63,queue,wait_here,154.79923113663665,,,,,6.0,162,150,130.0,Wait Here!,,150.0,1.0,,👵🏼
927,258,64,queue,wait_here,156.3834428568839,,,,,7.0,162,150,130.0,Wait Here!,,130.0,1.0,,🤵🏿
928,260,65,queue,wait_here,157.80034567089862,,,,,8.0,162,150,130.0,Wait Here!,,110.0,1.0,,🤦🏾‍♀️
929,262,66,queue,wait_here,157.88651020529846,,,,,9.0,162,150,130.0,Wait Here!,,90.0,1.0,,👳🏻
930,238,58,queue,wait_here,149.5199935870356,,,,,1.0,163,150,100.0,Wait Here!,,150.0,0.0,,👧🏼
931,241,59,queue,wait_here,149.79939012511926,,,,,2.0,163,150,100.0,Wait Here!,,130.0,0.0,,🤷🏿‍♂️
932,244,60,queue,wait_here,151.8201786594662,,,,,3.0,163,150,100.0,Wait Here!,,110.0,0.0,,👨🏿‍🔧
933,247,61,queue,wait_here,152.55127551444977,,,,,4.0,163,150,100.0,Wait Here!,,90.0,0.0,,👱🏾‍♂️
934,251,62,queue,wait_here,153.41000448038972,,,,,5.0,163,150,100.0,Wait Here!,,70.0,0.0,,👨🏼‍🎓
935,254,63,queue,wait_here,154.79923113663665,,,,,6.0,163,150,130.0,Wait Here!,,150.0,1.0,,👵🏼
936,258,64,queue,wait_here,156.3834428568839,,,,,7.0,163,150,130.0,Wait Here!,,130.0,1.0,,🤵🏿
937,260,65,queue,wait_here,157.80034567089862,,,,,8.0,163,150,130.0,Wait Here!,,110.0,1.0,,🤦🏾‍♀️
938,262,66,queue,wait_here,157.88651020529846,,,,,9.0,163,150,130.0,Wait Here!,,90.0,1.0,,👳🏻
939,241,59,queue,wait_here,149.79939012511926,,,,,1.0,164,150,100.0,Wait Here!,,150.0,0.0,,🤷🏿‍♂️
940,244,60,queue,wait_here,151.8201786594662,,,,,2.0,164,150,100.0,Wait Here!,,130.0,0.0,,👨🏿‍🔧
941,247,61,queue,wait_here,152.55127551444977,,,,,3.0,164,150,100.0,Wait Here!,,110.0,0.0,,👱🏾‍♂️
942,251,62,queue,wait_here,153.41000448038972,,,,,4.0,164,150,100.0,Wait Here!,,90.0,0.0,,👨🏼‍🎓
943,254,63,queue,wait_here,154.79923113663665,,,,,5.0,164,150,100.0,Wait Here!,,70.0,0.0,,👵🏼
944,258,64,queue,wait_here,156.3834428568839,,,,,6.0,164,150,130.0,Wait Here!,,150.0,1.0,,🤵🏿
945,260,65,queue,wait_here,157.80034567089862,,,,,7.0,164,150,130.0,Wait Here!,,130.0,1.0,,🤦🏾‍♀️
946,262,66,queue,wait_here,157.88651020529846,,,,,8.0,164,150,130.0,Wait Here!,,110.0,1.0,,👳🏻
947,241,59,queue,wait_here,149.79939012511926,,,,,1.0,165,150,100.0,Wait Here!,,150.0,0.0,,🤷🏿‍♂️
948,244,60,queue,wait_here,151.8201786594662,,,,,2.0,165,150,100.0,Wait Here!,,130.0,0.0,,👨🏿‍🔧
949,251,62,queue,wait_here,153.41000448038972,,,,,3.0,165,150,100.0,Wait Here!,,110.0,0.0,,👨🏼‍🎓
950,254,63,queue,wait_here,154.79923113663665,,,,,4.0,165,150,100.0,Wait Here!,,90.0,0.0,,👵🏼
951,258,64,queue,wait_here,156.3834428568839,,,,,5.0,165,150,100.0,Wait Here!,,70.0,0.0,,🤵🏿
952,260,65,queue,wait_here,157.80034567089862,,,,,6.0,165,150,130.0,Wait Here!,,150.0,1.0,,🤦🏾‍♀️
953,262,66,queue,wait_here,157.88651020529846,,,,,7.0,165,150,130.0,Wait Here!,,130.0,1.0,,👳🏻
954,244,60,queue,wait_here,151.8201786594662,,,,,1.0,166,150,100.0,Wait Here!,,150.0,0.0,,👨🏿‍🔧
955,251,62,queue,wait_here,153.41000448038972,,,,,2.0,166,150,100.0,Wait Here!,,130.0,0.0,,👨🏼‍🎓
956,254,63,queue,wait_here,154.79923113663665,,,,,3.0,166,150,100.0,Wait Here!,,110.0,0.0,,👵🏼
957,258,64,queue,wait_here,156.3834428568839,,,,,4.0,166,150,100.0,Wait Here!,,90.0,0.0,,🤵🏿
958,260,65,queue,wait_here,157.80034567089862,,,,,5.0,166,150,100.0,Wait Here!,,70.0,0.0,,🤦🏾‍♀️
959,262,66,queue,wait_here,157.88651020529846,,,,,6.0,166,150,130.0,Wait Here!,,150.0,1.0,,👳🏻
960,269,67,queue,wait_here,165.41545537031317,,,,,7.0,166,150,130.0,Wait Here!,,130.0,1.0,,🙋🏼‍♂️
961,274,68,queue,wait_here,165.91971485869644,,,,,8.0,166,150,130.0,Wait Here!,,110.0,1.0,,👩🏻‍🎓
962,244,60,queue,wait_here,151.8201786594662,,,,,1.0,167,150,100.0,Wait Here!,,150.0,0.0,,👨🏿‍🔧
963,251,62,queue,wait_here,153.41000448038972,,,,,2.0,167,150,100.0,Wait Here!,,130.0,0.0,,👨🏼‍🎓
964,260,65,queue,wait_here,157.80034567089862,,,,,3.0,167,150,100.0,Wait Here!,,110.0,0.0,,🤦🏾‍♀️
965,262,66,queue,wait_here,157.88651020529846,,,,,4.0,167,150,100.0,Wait Here!,,90.0,0.0,,👳🏻
966,269,67,queue,wait_here,165.41545537031317,,,,,5.0,167,150,100.0,Wait Here!,,70.0,0.0,,🙋🏼‍♂️
967,274,68,queue,wait_here,165.91971485869644,,,,,6.0,167,150,130.0,Wait Here!,,150.0,1.0,,👩🏻‍🎓
968,244,60,queue,wait_here,151.8201786594662,,,,,1.0,168,150,100.0,Wait Here!,,150.0,0.0,,👨🏿‍🔧
969,251,62,queue,wait_here,153.41000448038972,,,,,2.0,168,150,100.0,Wait Here!,,130.0,0.0,,👨🏼‍🎓
970,260,65,queue,wait_here,157.80034567089862,,,,,3.0,168,150,100.0,Wait Here!,,110.0,0.0,,🤦🏾‍♀️
971,262,66,queue,wait_here,157.88651020529846,,,,,4.0,168,150,100.0,Wait Here!,,90.0,0.0,,👳🏻
972,269,67,queue,wait_here,165.41545537031317,,,,,5.0,168,150,100.0,Wait Here!,,70.0,0.0,,🙋🏼‍♂️
973,274,68,queue,wait_here,165.91971485869644,,,,,6.0,168,150,130.0,Wait Here!,,150.0,1.0,,👩🏻‍🎓
974,278,69,queue,wait_here,167.92568963912302,,,,,7.0,168,150,130.0,Wait Here!,,130.0,1.0,,👩🏼‍🌾
975,251,62,queue,wait_here,153.41000448038972,,,,,1.0,169,150,100.0,Wait Here!,,150.0,0.0,,👨🏼‍🎓
976,260,65,queue,wait_here,157.80034567089862,,,,,2.0,169,150,100.0,Wait Here!,,130.0,0.0,,🤦🏾‍♀️
977,262,66,queue,wait_here,157.88651020529846,,,,,3.0,169,150,100.0,Wait Here!,,110.0,0.0,,👳🏻
978,269,67,queue,wait_here,165.41545537031317,,,,,4.0,169,150,100.0,Wait Here!,,90.0,0.0,,🙋🏼‍♂️
979,274,68,queue,wait_here,165.91971485869644,,,,,5.0,169,150,100.0,Wait Here!,,70.0,0.0,,👩🏻‍🎓
980,278,69,queue,wait_here,167.92568963912302,,,,,6.0,169,150,130.0,Wait Here!,,150.0,1.0,,👩🏼‍🌾
981,280,70,queue,wait_here,168.3064644379139,,,,,7.0,169,150,130.0,Wait Here!,,130.0,1.0,,👩🏾‍🔬
982,251,62,queue,wait_here,153.41000448038972,,,,,1.0,170,150,100.0,Wait Here!,,150.0,0.0,,👨🏼‍🎓
983,262,66,queue,wait_here,157.88651020529846,,,,,2.0,170,150,100.0,Wait Here!,,130.0,0.0,,👳🏻
984,269,67,queue,wait_here,165.41545537031317,,,,,3.0,170,150,100.0,Wait Here!,,110.0,0.0,,🙋🏼‍♂️
985,274,68,queue,wait_here,165.91971485869644,,,,,4.0,170,150,100.0,Wait Here!,,90.0,0.0,,👩🏻‍🎓
986,278,69,queue,wait_here,167.92568963912302,,,,,5.0,170,150,100.0,Wait Here!,,70.0,0.0,,👩🏼‍🌾
987,280,70,queue,wait_here,168.3064644379139,,,,,6.0,170,150,130.0,Wait Here!,,150.0,1.0,,👩🏾‍🔬
988,251,62,queue,wait_here,153.41000448038972,,,,,1.0,171,150,100.0,Wait Here!,,150.0,0.0,,👨🏼‍🎓
989,262,66,queue,wait_here,157.88651020529846,,,,,2.0,171,150,100.0,Wait Here!,,130.0,0.0,,👳🏻
990,269,67,queue,wait_here,165.41545537031317,,,,,3.0,171,150,100.0,Wait Here!,,110.0,0.0,,🙋🏼‍♂️
991,274,68,queue,wait_here,165.91971485869644,,,,,4.0,171,150,100.0,Wait Here!,,90.0,0.0,,👩🏻‍🎓
992,278,69,queue,wait_here,167.92568963912302,,,,,5.0,171,150,100.0,Wait Here!,,70.0,0.0,,👩🏼‍🌾
993,280,70,queue,wait_here,168.3064644379139,,,,,6.0,171,150,130.0,Wait Here!,,150.0,1.0,,👩🏾‍🔬
994,251,62,queue,wait_here,153.41000448038972,,,,,1.0,172,150,100.0,Wait Here!,,150.0,0.0,,👨🏼‍🎓
995,262,66,queue,wait_here,157.88651020529846,,,,,2.0,172,150,100.0,Wait Here!,,130.0,0.0,,👳🏻
996,269,67,queue,wait_here,165.41545537031317,,,,,3.0,172,150,100.0,Wait Here!,,110.0,0.0,,🙋🏼‍♂️
997,274,68,queue,wait_here,165.91971485869644,,,,,4.0,172,150,100.0,Wait Here!,,90.0,0.0,,👩🏻‍🎓
998,278,69,queue,wait_here,167.92568963912302,,,,,5.0,172,150,100.0,Wait Here!,,70.0,0.0,,👩🏼‍🌾
999,280,70,queue,wait_here,168.3064644379139,,,,,6.0,172,150,130.0,Wait Here!,,150.0,1.0,,👩🏾‍🔬
1000,262,66,queue,wait_here,157.88651020529846,,,,,1.0,173,150,100.0,Wait Here!,,150.0,0.0,,👳🏻
1001,269,67,queue,wait_here,165.41545537031317,,,,,2.0,173,150,100.0,Wait Here!,,130.0,0.0,,🙋🏼‍♂️
1002,274,68,queue,wait_here,165.91971485869644,,,,,3.0,173,150,100.0,Wait Here!,,110.0,0.0,,👩🏻‍🎓
1003,278,69,queue,wait_here,167.92568963912302,,,,,4.0,173,150,100.0,Wait Here!,,90.0,0.0,,👩🏼‍🌾
1004,280,70,queue,wait_here,168.3064644379139,,,,,5.0,173,150,100.0,Wait Here!,,70.0,0.0,,👩🏾‍🔬
1005,287,71,queue,wait_here,172.33405039826778,,,,,6.0,173,150,130.0,Wait Here!,,150.0,1.0,,👩🏿‍✈️
1006,262,66,queue,wait_here,157.88651020529846,,,,,1.0,174,150,100.0,Wait Here!,,150.0,0.0,,👳🏻
1007,269,67,queue,wait_here,165.41545537031317,,,,,2.0,174,150,100.0,Wait Here!,,130.0,0.0,,🙋🏼‍♂️
1008,274,68,queue,wait_here,165.91971485869644,,,,,3.0,174,150,100.0,Wait Here!,,110.0,0.0,,👩🏻‍🎓
1009,278,69,queue,wait_here,167.92568963912302,,,,,4.0,174,150,100.0,Wait Here!,,90.0,0.0,,👩🏼‍🌾
1010,280,70,queue,wait_here,168.3064644379139,,,,,5.0,174,150,100.0,Wait Here!,,70.0,0.0,,👩🏾‍🔬
1011,287,71,queue,wait_here,172.33405039826778,,,,,6.0,174,150,130.0,Wait Here!,,150.0,1.0,,👩🏿‍✈️
1012,292,72,queue,wait_here,173.19795691750556,,,,,7.0,174,150,130.0,Wait Here!,,130.0,1.0,,👵🏿
1013,262,66,queue,wait_here,157.88651020529846,,,,,1.0,175,150,100.0,Wait Here!,,150.0,0.0,,👳🏻
1014,269,67,queue,wait_here,165.41545537031317,,,,,2.0,175,150,100.0,Wait Here!,,130.0,0.0,,🙋🏼‍♂️
1015,274,68,queue,wait_here,165.91971485869644,,,,,3.0,175,150,100.0,Wait Here!,,110.0,0.0,,👩🏻‍🎓
1016,278,69,queue,wait_here,167.92568963912302,,,,,4.0,175,150,100.0,Wait Here!,,90.0,0.0,,👩🏼‍🌾
1017,287,71,queue,wait_here,172.33405039826778,,,,,5.0,175,150,100.0,Wait Here!,,70.0,0.0,,👩🏿‍✈️
1018,292,72,queue,wait_here,173.19795691750556,,,,,6.0,175,150,130.0,Wait Here!,,150.0,1.0,,👵🏿
1019,269,67,queue,wait_here,165.41545537031317,,,,,1.0,176,150,100.0,Wait Here!,,150.0,0.0,,🙋🏼‍♂️
1020,278,69,queue,wait_here,167.92568963912302,,,,,2.0,176,150,100.0,Wait Here!,,130.0,0.0,,👩🏼‍🌾
1021,287,71,queue,wait_here,172.33405039826778,,,,,3.0,176,150,100.0,Wait Here!,,110.0,0.0,,👩🏿‍✈️
1022,292,72,queue,wait_here,173.19795691750556,,,,,4.0,176,150,100.0,Wait Here!,,90.0,0.0,,👵🏿
1023,299,73,queue,wait_here,175.4475100696418,,,,,5.0,176,150,100.0,Wait Here!,,70.0,0.0,,🤵🏻
1024,269,67,queue,wait_here,165.41545537031317,,,,,1.0,177,150,100.0,Wait Here!,,150.0,0.0,,🙋🏼‍♂️
1025,278,69,queue,wait_here,167.92568963912302,,,,,2.0,177,150,100.0,Wait Here!,,130.0,0.0,,👩🏼‍🌾
1026,287,71,queue,wait_here,172.33405039826778,,,,,3.0,177,150,100.0,Wait Here!,,110.0,0.0,,👩🏿‍✈️
1027,292,72,queue,wait_here,173.19795691750556,,,,,4.0,177,150,100.0,Wait Here!,,90.0,0.0,,👵🏿
1028,299,73,queue,wait_here,175.4475100696418,,,,,5.0,177,150,100.0,Wait Here!,,70.0,0.0,,🤵🏻
1029,301,74,queue,wait_here,176.52247127072502,,,,,6.0,177,150,130.0,Wait Here!,,150.0,1.0,,🤰
1030,269,67,queue,wait_here,165.41545537031317,,,,,1.0,178,150,100.0,Wait Here!,,150.0,0.0,,🙋🏼‍♂️
1031,278,69,queue,wait_here,167.92568963912302,,,,,2.0,178,150,100.0,Wait Here!,,130.0,0.0,,👩🏼‍🌾
1032,287,71,queue,wait_here,172.33405039826778,,,,,3.0,178,150,100.0,Wait Here!,,110.0,0.0,,👩🏿‍✈️
1033,292,72,queue,wait_here,173.19795691750556,,,,,4.0,178,150,100.0,Wait Here!,,90.0,0.0,,👵🏿
1034,299,73,queue,wait_here,175.4475100696418,,,,,5.0,178,150,100.0,Wait Here!,,70.0,0.0,,🤵🏻
1035,301,74,queue,wait_here,176.52247127072502,,,,,6.0,178,150,130.0,Wait Here!,,150.0,1.0,,🤰
1036,304,75,queue,wait_here,177.5850269320362,,,,,7.0,178,150,130.0,Wait Here!,,130.0,1.0,,🧔🏼
1037,278,69,queue,wait_here,167.92568963912302,,,,,1.0,179,150,100.0,Wait Here!,,150.0,0.0,,👩🏼‍🌾
1038,287,71,queue,wait_here,172.33405039826778,,,,,2.0,179,150,100.0,Wait Here!,,130.0,0.0,,👩🏿‍✈️
1039,292,72,queue,wait_here,173.19795691750556,,,,,3.0,179,150,100.0,Wait Here!,,110.0,0.0,,👵🏿
1040,299,73,queue,wait_here,175.4475100696418,,,,,4.0,179,150,100.0,Wait Here!,,90.0,0.0,,🤵🏻
1041,301,74,queue,wait_here,176.52247127072502,,,,,5.0,179,150,100.0,Wait Here!,,70.0,0.0,,🤰
1042,304,75,queue,wait_here,177.5850269320362,,,,,6.0,179,150,130.0,Wait Here!,,150.0,1.0,,🧔🏼
1043,278,69,queue,wait_here,167.92568963912302,,,,,1.0,180,150,100.0,Wait Here!,,150.0,0.0,,👩🏼‍🌾
1044,287,71,queue,wait_here,172.33405039826778,,,,,2.0,180,150,100.0,Wait Here!,,130.0,0.0,,👩🏿‍✈️
1045,292,72,queue,wait_here,173.19795691750556,,,,,3.0,180,150,100.0,Wait Here!,,110.0,0.0,,👵🏿
1046,299,73,queue,wait_here,175.4475100696418,,,,,4.0,180,150,100.0,Wait Here!,,90.0,0.0,,🤵🏻
1047,301,74,queue,wait_here,176.52247127072502,,,,,5.0,180,150,100.0,Wait Here!,,70.0,0.0,,🤰
1048,304,75,queue,wait_here,177.5850269320362,,,,,6.0,180,150,130.0,Wait Here!,,150.0,1.0,,🧔🏼
1049,2,1,resource_use,depart,0.0,,,,1.0,1.0,9,250,50.0,Exit,,250.0,0.0,,🧔🏼
1050,9,2,resource_use,depart,8.727381279202442,,,,1.0,1.0,17,250,50.0,Exit,,250.0,0.0,,👨🏿‍🦯
1051,16,3,resource_use,depart,16.801960026695028,,,,1.0,1.0,24,250,50.0,Exit,,250.0,0.0,,👨🏻‍🦰
1052,27,5,resource_use,depart,23.59674610742101,,,,1.0,1.0,31,250,50.0,Exit,,250.0,0.0,,👩🏿‍🦱
1053,40,6,resource_use,depart,30.28172569951959,,,,1.0,1.0,33,250,50.0,Exit,,250.0,0.0,,🤰
1054,51,9,resource_use,depart,35.00785448779895,,,,1.0,1.0,38,250,50.0,Exit,,250.0,0.0,,👨🏿‍🦳
1055,60,10,resource_use,depart,37.71309671955752,,,,1.0,1.0,46,250,50.0,Exit,,250.0,0.0,,👩🏼‍🦱
1056,71,11,resource_use,depart,45.01548263757776,,,,1.0,1.0,49,250,50.0,Exit,,250.0,0.0,,🧍🏽‍♀️
1057,87,14,resource_use,depart,50.657815854327325,,,,1.0,1.0,59,250,50.0,Exit,,250.0,0.0,,🧕🏿
1058,102,20,resource_use,depart,58.00430426196434,,,,1.0,1.0,66,250,50.0,Exit,,250.0,0.0,,🙎🏼‍♂️
1059,127,28,resource_use,depart,74.642709658119,,,,1.0,1.0,84,250,50.0,Exit,,250.0,0.0,,🙋🏾‍♀️
1060,147,34,resource_use,depart,90.57556710600008,,,,1.0,1.0,96,250,50.0,Exit,,250.0,0.0,,👩🏿‍🎓
1061,156,35,resource_use,depart,95.23304885896071,,,,1.0,1.0,98,250,50.0,Exit,,250.0,0.0,,👴🏻
1062,163,36,resource_use,depart,97.68449487026314,,,,1.0,1.0,103,250,50.0,Exit,,250.0,0.0,,🤷🏻‍♀️
1063,174,38,resource_use,depart,105.11800132074589,,,,1.0,1.0,115,250,50.0,Exit,,250.0,0.0,,👨🏻‍✈️
1064,191,44,resource_use,depart,117.74510304761174,,,,1.0,1.0,126,250,50.0,Exit,,250.0,0.0,,👩🏽‍🦳
1065,198,45,resource_use,depart,125.1971147500427,,,,1.0,1.0,131,250,50.0,Exit,,250.0,0.0,,🧍🏼‍♂️
1066,206,46,resource_use,depart,130.29910135854522,,,,1.0,1.0,140,250,50.0,Exit,,250.0,0.0,,👩🏽‍🎓
1067,224,49,resource_use,depart,141.60272312295294,,,,1.0,1.0,144,250,50.0,Exit,,250.0,0.0,,🧕🏾
1068,230,50,resource_use,depart,143.5333498324559,,,,1.0,1.0,153,250,50.0,Exit,,250.0,0.0,,👨🏻‍🦯
1069,266,58,resource_use,depart,163.20670809264743,,,,1.0,1.0,166,250,50.0,Exit,,250.0,0.0,,👧🏼
1070,272,59,resource_use,depart,165.46894989363494,,,,1.0,1.0,173,250,50.0,Exit,,250.0,0.0,,🤷🏿‍♂️
1071,2,1,resource_use,start_treatment,0.0,,,,1.0,1.0,0,150,25.0,Be Treated,n_cubicles,150.0,0.0,,🧔🏼
1072,2,1,resource_use,start_treatment,0.0,,,,1.0,1.0,1,150,25.0,Be Treated,n_cubicles,150.0,0.0,,🧔🏼
1073,2,1,resource_use,start_treatment,0.0,,,,1.0,1.0,2,150,25.0,Be Treated,n_cubicles,150.0,0.0,,🧔🏼
1074,2,1,resource_use,start_treatment,0.0,,,,1.0,1.0,3,150,25.0,Be Treated,n_cubicles,150.0,0.0,,🧔🏼
1075,2,1,resource_use,start_treatment,0.0,,,,1.0,1.0,4,150,25.0,Be Treated,n_cubicles,150.0,0.0,,🧔🏼
1076,2,1,resource_use,start_treatment,0.0,,,,1.0,1.0,5,150,25.0,Be Treated,n_cubicles,150.0,0.0,,🧔🏼
1077,2,1,resource_use,start_treatment,0.0,,,,1.0,1.0,6,150,25.0,Be Treated,n_cubicles,150.0,0.0,,🧔🏼
1078,2,1,resource_use,start_treatment,0.0,,,,1.0,1.0,7,150,25.0,Be Treated,n_cubicles,150.0,0.0,,🧔🏼
1079,2,1,resource_use,start_treatment,0.0,,,,1.0,1.0,8,150,25.0,Be Treated,n_cubicles,150.0,0.0,,🧔🏼
1080,9,2,resource_use,start_treatment,8.727381279202442,,,,1.0,1.0,9,150,25.0,Be Treated,n_cubicles,150.0,0.0,,👨🏿‍🦯
1081,9,2,resource_use,start_treatment,8.727381279202442,,,,1.0,1.0,10,150,25.0,Be Treated,n_cubicles,150.0,0.0,,👨🏿‍🦯
1082,9,2,resource_use,start_treatment,8.727381279202442,,,,1.0,1.0,11,150,25.0,Be Treated,n_cubicles,150.0,0.0,,👨🏿‍🦯
1083,9,2,resource_use,start_treatment,8.727381279202442,,,,1.0,1.0,12,150,25.0,Be Treated,n_cubicles,150.0,0.0,,👨🏿‍🦯
1084,9,2,resource_use,start_treatment,8.727381279202442,,,,1.0,1.0,13,150,25.0,Be Treated,n_cubicles,150.0,0.0,,👨🏿‍🦯
1085,9,2,resource_use,start_treatment,8.727381279202442,,,,1.0,1.0,14,150,25.0,Be Treated,n_cubicles,150.0,0.0,,👨🏿‍🦯
1086,9,2,resource_use,start_treatment,8.727381279202442,,,,1.0,1.0,15,150,25.0,Be Treated,n_cubicles,150.0,0.0,,👨🏿‍🦯
1087,9,2,resource_use,start_treatment,8.727381279202442,,,,1.0,1.0,16,150,25.0,Be Treated,n_cubicles,150.0,0.0,,👨🏿‍🦯
1088,16,3,resource_use,start_treatment,16.801960026695028,,,,1.0,1.0,17,150,25.0,Be Treated,n_cubicles,150.0,0.0,,👨🏻‍🦰
1089,16,3,resource_use,start_treatment,16.801960026695028,,,,1.0,1.0,18,150,25.0,Be Treated,n_cubicles,150.0,0.0,,👨🏻‍🦰
1090,16,3,resource_use,start_treatment,16.801960026695028,,,,1.0,1.0,19,150,25.0,Be Treated,n_cubicles,150.0,0.0,,👨🏻‍🦰
1091,16,3,resource_use,start_treatment,16.801960026695028,,,,1.0,1.0,20,150,25.0,Be Treated,n_cubicles,150.0,0.0,,👨🏻‍🦰
1092,16,3,resource_use,start_treatment,16.801960026695028,,,,1.0,1.0,21,150,25.0,Be Treated,n_cubicles,150.0,0.0,,👨🏻‍🦰
1093,16,3,resource_use,start_treatment,16.801960026695028,,,,1.0,1.0,22,150,25.0,Be Treated,n_cubicles,150.0,0.0,,👨🏻‍🦰
1094,16,3,resource_use,start_treatment,16.801960026695028,,,,1.0,1.0,23,150,25.0,Be Treated,n_cubicles,150.0,0.0,,👨🏻‍🦰
1095,27,5,resource_use,start_treatment,23.59674610742101,,,,1.0,1.0,24,150,25.0,Be Treated,n_cubicles,150.0,0.0,,👩🏿‍🦱
1096,27,5,resource_use,start_treatment,23.59674610742101,,,,1.0,1.0,25,150,25.0,Be Treated,n_cubicles,150.0,0.0,,👩🏿‍🦱
1097,27,5,resource_use,start_treatment,23.59674610742101,,,,1.0,1.0,26,150,25.0,Be Treated,n_cubicles,150.0,0.0,,👩🏿‍🦱
1098,27,5,resource_use,start_treatment,23.59674610742101,,,,1.0,1.0,27,150,25.0,Be Treated,n_cubicles,150.0,0.0,,👩🏿‍🦱
1099,27,5,resource_use,start_treatment,23.59674610742101,,,,1.0,1.0,28,150,25.0,Be Treated,n_cubicles,150.0,0.0,,👩🏿‍🦱
1100,27,5,resource_use,start_treatment,23.59674610742101,,,,1.0,1.0,29,150,25.0,Be Treated,n_cubicles,150.0,0.0,,👩🏿‍🦱
1101,27,5,resource_use,start_treatment,23.59674610742101,,,,1.0,1.0,30,150,25.0,Be Treated,n_cubicles,150.0,0.0,,👩🏿‍🦱
1102,40,6,resource_use,start_treatment,30.28172569951959,,,,1.0,1.0,31,150,25.0,Be Treated,n_cubicles,150.0,0.0,,🤰
1103,40,6,resource_use,start_treatment,30.28172569951959,,,,1.0,1.0,32,150,25.0,Be Treated,n_cubicles,150.0,0.0,,🤰
1104,51,9,resource_use,start_treatment,35.00785448779895,,,,1.0,1.0,36,150,25.0,Be Treated,n_cubicles,150.0,0.0,,👨🏿‍🦳
1105,51,9,resource_use,start_treatment,35.00785448779895,,,,1.0,1.0,37,150,25.0,Be Treated,n_cubicles,150.0,0.0,,👨🏿‍🦳
1106,60,10,resource_use,start_treatment,37.71309671955752,,,,1.0,1.0,38,150,25.0,Be Treated,n_cubicles,150.0,0.0,,👩🏼‍🦱
1107,60,10,resource_use,start_treatment,37.71309671955752,,,,1.0,1.0,39,150,25.0,Be Treated,n_cubicles,150.0,0.0,,👩🏼‍🦱
1108,60,10,resource_use,start_treatment,37.71309671955752,,,,1.0,1.0,40,150,25.0,Be Treated,n_cubicles,150.0,0.0,,👩🏼‍🦱
1109,60,10,resource_use,start_treatment,37.71309671955752,,,,1.0,1.0,41,150,25.0,Be Treated,n_cubicles,150.0,0.0,,👩🏼‍🦱
1110,60,10,resource_use,start_treatment,37.71309671955752,,,,1.0,1.0,42,150,25.0,Be Treated,n_cubicles,150.0,0.0,,👩🏼‍🦱
1111,60,10,resource_use,start_treatment,37.71309671955752,,,,1.0,1.0,43,150,25.0,Be Treated,n_cubicles,150.0,0.0,,👩🏼‍🦱
1112,60,10,resource_use,start_treatment,37.71309671955752,,,,1.0,1.0,44,150,25.0,Be Treated,n_cubicles,150.0,0.0,,👩🏼‍🦱
1113,60,10,resource_use,start_treatment,37.71309671955752,,,,1.0,1.0,45,150,25.0,Be Treated,n_cubicles,150.0,0.0,,👩🏼‍🦱
1114,71,11,resource_use,start_treatment,45.01548263757776,,,,1.0,1.0,46,150,25.0,Be Treated,n_cubicles,150.0,0.0,,🧍🏽‍♀️
1115,71,11,resource_use,start_treatment,45.01548263757776,,,,1.0,1.0,47,150,25.0,Be Treated,n_cubicles,150.0,0.0,,🧍🏽‍♀️
1116,71,11,resource_use,start_treatment,45.01548263757776,,,,1.0,1.0,48,150,25.0,Be Treated,n_cubicles,150.0,0.0,,🧍🏽‍♀️
1117,87,14,resource_use,start_treatment,50.657815854327325,,,,1.0,1.0,51,150,25.0,Be Treated,n_cubicles,150.0,0.0,,🧕🏿
1118,87,14,resource_use,start_treatment,50.657815854327325,,,,1.0,1.0,52,150,25.0,Be Treated,n_cubicles,150.0,0.0,,🧕🏿
1119,87,14,resource_use,start_treatment,50.657815854327325,,,,1.0,1.0,53,150,25.0,Be Treated,n_cubicles,150.0,0.0,,🧕🏿
1120,87,14,resource_use,start_treatment,50.657815854327325,,,,1.0,1.0,54,150,25.0,Be Treated,n_cubicles,150.0,0.0,,🧕🏿
1121,87,14,resource_use,start_treatment,50.657815854327325,,,,1.0,1.0,55,150,25.0,Be Treated,n_cubicles,150.0,0.0,,🧕🏿
1122,87,14,resource_use,start_treatment,50.657815854327325,,,,1.0,1.0,56,150,25.0,Be Treated,n_cubicles,150.0,0.0,,🧕🏿
1123,87,14,resource_use,start_treatment,50.657815854327325,,,,1.0,1.0,57,150,25.0,Be Treated,n_cubicles,150.0,0.0,,🧕🏿
1124,87,14,resource_use,start_treatment,50.657815854327325,,,,1.0,1.0,58,150,25.0,Be Treated,n_cubicles,150.0,0.0,,🧕🏿
1125,102,20,resource_use,start_treatment,58.00430426196434,,,,1.0,1.0,59,150,25.0,Be Treated,n_cubicles,150.0,0.0,,🙎🏼‍♂️
1126,102,20,resource_use,start_treatment,58.00430426196434,,,,1.0,1.0,60,150,25.0,Be Treated,n_cubicles,150.0,0.0,,🙎🏼‍♂️
1127,102,20,resource_use,start_treatment,58.00430426196434,,,,1.0,1.0,61,150,25.0,Be Treated,n_cubicles,150.0,0.0,,🙎🏼‍♂️
1128,102,20,resource_use,start_treatment,58.00430426196434,,,,1.0,1.0,62,150,25.0,Be Treated,n_cubicles,150.0,0.0,,🙎🏼‍♂️
1129,102,20,resource_use,start_treatment,58.00430426196434,,,,1.0,1.0,63,150,25.0,Be Treated,n_cubicles,150.0,0.0,,🙎🏼‍♂️
1130,102,20,resource_use,start_treatment,58.00430426196434,,,,1.0,1.0,64,150,25.0,Be Treated,n_cubicles,150.0,0.0,,🙎🏼‍♂️
1131,102,20,resource_use,start_treatment,58.00430426196434,,,,1.0,1.0,65,150,25.0,Be Treated,n_cubicles,150.0,0.0,,🙎🏼‍♂️
1132,127,28,resource_use,start_treatment,74.642709658119,,,,1.0,1.0,75,150,25.0,Be Treated,n_cubicles,150.0,0.0,,🙋🏾‍♀️
1133,127,28,resource_use,start_treatment,74.642709658119,,,,1.0,1.0,76,150,25.0,Be Treated,n_cubicles,150.0,0.0,,🙋🏾‍♀️
1134,127,28,resource_use,start_treatment,74.642709658119,,,,1.0,1.0,77,150,25.0,Be Treated,n_cubicles,150.0,0.0,,🙋🏾‍♀️
1135,127,28,resource_use,start_treatment,74.642709658119,,,,1.0,1.0,78,150,25.0,Be Treated,n_cubicles,150.0,0.0,,🙋🏾‍♀️
1136,127,28,resource_use,start_treatment,74.642709658119,,,,1.0,1.0,79,150,25.0,Be Treated,n_cubicles,150.0,0.0,,🙋🏾‍♀️
1137,127,28,resource_use,start_treatment,74.642709658119,,,,1.0,1.0,80,150,25.0,Be Treated,n_cubicles,150.0,0.0,,🙋🏾‍♀️
1138,127,28,resource_use,start_treatment,74.642709658119,,,,1.0,1.0,81,150,25.0,Be Treated,n_cubicles,150.0,0.0,,🙋🏾‍♀️
1139,127,28,resource_use,start_treatment,74.642709658119,,,,1.0,1.0,82,150,25.0,Be Treated,n_cubicles,150.0,0.0,,🙋🏾‍♀️
1140,127,28,resource_use,start_treatment,74.642709658119,,,,1.0,1.0,83,150,25.0,Be Treated,n_cubicles,150.0,0.0,,🙋🏾‍♀️
1141,147,34,resource_use,start_treatment,90.57556710600008,,,,1.0,1.0,91,150,25.0,Be Treated,n_cubicles,150.0,0.0,,👩🏿‍🎓
1142,147,34,resource_use,start_treatment,90.57556710600008,,,,1.0,1.0,92,150,25.0,Be Treated,n_cubicles,150.0,0.0,,👩🏿‍🎓
1143,147,34,resource_use,start_treatment,90.57556710600008,,,,1.0,1.0,93,150,25.0,Be Treated,n_cubicles,150.0,0.0,,👩🏿‍🎓
1144,147,34,resource_use,start_treatment,90.57556710600008,,,,1.0,1.0,94,150,25.0,Be Treated,n_cubicles,150.0,0.0,,👩🏿‍🎓
1145,147,34,resource_use,start_treatment,90.57556710600008,,,,1.0,1.0,95,150,25.0,Be Treated,n_cubicles,150.0,0.0,,👩🏿‍🎓
1146,156,35,resource_use,start_treatment,95.23304885896071,,,,1.0,1.0,96,150,25.0,Be Treated,n_cubicles,150.0,0.0,,👴🏻
1147,156,35,resource_use,start_treatment,95.23304885896071,,,,1.0,1.0,97,150,25.0,Be Treated,n_cubicles,150.0,0.0,,👴🏻
1148,163,36,resource_use,start_treatment,97.68449487026314,,,,1.0,1.0,98,150,25.0,Be Treated,n_cubicles,150.0,0.0,,🤷🏻‍♀️
1149,163,36,resource_use,start_treatment,97.68449487026314,,,,1.0,1.0,99,150,25.0,Be Treated,n_cubicles,150.0,0.0,,🤷🏻‍♀️
1150,163,36,resource_use,start_treatment,97.68449487026314,,,,1.0,1.0,100,150,25.0,Be Treated,n_cubicles,150.0,0.0,,🤷🏻‍♀️
1151,163,36,resource_use,start_treatment,97.68449487026314,,,,1.0,1.0,101,150,25.0,Be Treated,n_cubicles,150.0,0.0,,🤷🏻‍♀️
1152,163,36,resource_use,start_treatment,97.68449487026314,,,,1.0,1.0,102,150,25.0,Be Treated,n_cubicles,150.0,0.0,,🤷🏻‍♀️
1153,174,38,resource_use,start_treatment,105.11800132074589,,,,1.0,1.0,106,150,25.0,Be Treated,n_cubicles,150.0,0.0,,👨🏻‍✈️
1154,174,38,resource_use,start_treatment,105.11800132074589,,,,1.0,1.0,107,150,25.0,Be Treated,n_cubicles,150.0,0.0,,👨🏻‍✈️
1155,174,38,resource_use,start_treatment,105.11800132074589,,,,1.0,1.0,108,150,25.0,Be Treated,n_cubicles,150.0,0.0,,👨🏻‍✈️
1156,174,38,resource_use,start_treatment,105.11800132074589,,,,1.0,1.0,109,150,25.0,Be Treated,n_cubicles,150.0,0.0,,👨🏻‍✈️
1157,174,38,resource_use,start_treatment,105.11800132074589,,,,1.0,1.0,110,150,25.0,Be Treated,n_cubicles,150.0,0.0,,👨🏻‍✈️
1158,174,38,resource_use,start_treatment,105.11800132074589,,,,1.0,1.0,111,150,25.0,Be Treated,n_cubicles,150.0,0.0,,👨🏻‍✈️
1159,174,38,resource_use,start_treatment,105.11800132074589,,,,1.0,1.0,112,150,25.0,Be Treated,n_cubicles,150.0,0.0,,👨🏻‍✈️
1160,174,38,resource_use,start_treatment,105.11800132074589,,,,1.0,1.0,113,150,25.0,Be Treated,n_cubicles,150.0,0.0,,👨🏻‍✈️
1161,174,38,resource_use,start_treatment,105.11800132074589,,,,1.0,1.0,114,150,25.0,Be Treated,n_cubicles,150.0,0.0,,👨🏻‍✈️
1162,191,44,resource_use,start_treatment,117.74510304761174,,,,1.0,1.0,118,150,25.0,Be Treated,n_cubicles,150.0,0.0,,👩🏽‍🦳
1163,191,44,resource_use,start_treatment,117.74510304761174,,,,1.0,1.0,119,150,25.0,Be Treated,n_cubicles,150.0,0.0,,👩🏽‍🦳
1164,191,44,resource_use,start_treatment,117.74510304761174,,,,1.0,1.0,120,150,25.0,Be Treated,n_cubicles,150.0,0.0,,👩🏽‍🦳
1165,191,44,resource_use,start_treatment,117.74510304761174,,,,1.0,1.0,121,150,25.0,Be Treated,n_cubicles,150.0,0.0,,👩🏽‍🦳
1166,191,44,resource_use,start_treatment,117.74510304761174,,,,1.0,1.0,122,150,25.0,Be Treated,n_cubicles,150.0,0.0,,👩🏽‍🦳
1167,191,44,resource_use,start_treatment,117.74510304761174,,,,1.0,1.0,123,150,25.0,Be Treated,n_cubicles,150.0,0.0,,👩🏽‍🦳
1168,191,44,resource_use,start_treatment,117.74510304761174,,,,1.0,1.0,124,150,25.0,Be Treated,n_cubicles,150.0,0.0,,👩🏽‍🦳
1169,191,44,resource_use,start_treatment,117.74510304761174,,,,1.0,1.0,125,150,25.0,Be Treated,n_cubicles,150.0,0.0,,👩🏽‍🦳
1170,198,45,resource_use,start_treatment,125.1971147500427,,,,1.0,1.0,126,150,25.0,Be Treated,n_cubicles,150.0,0.0,,🧍🏼‍♂️
1171,198,45,resource_use,start_treatment,125.1971147500427,,,,1.0,1.0,127,150,25.0,Be Treated,n_cubicles,150.0,0.0,,🧍🏼‍♂️
1172,198,45,resource_use,start_treatment,125.1971147500427,,,,1.0,1.0,128,150,25.0,Be Treated,n_cubicles,150.0,0.0,,🧍🏼‍♂️
1173,198,45,resource_use,start_treatment,125.1971147500427,,,,1.0,1.0,129,150,25.0,Be Treated,n_cubicles,150.0,0.0,,🧍🏼‍♂️
1174,198,45,resource_use,start_treatment,125.1971147500427,,,,1.0,1.0,130,150,25.0,Be Treated,n_cubicles,150.0,0.0,,🧍🏼‍♂️
1175,206,46,resource_use,start_treatment,130.29910135854522,,,,1.0,1.0,131,150,25.0,Be Treated,n_cubicles,150.0,0.0,,👩🏽‍🎓
1176,206,46,resource_use,start_treatment,130.29910135854522,,,,1.0,1.0,132,150,25.0,Be Treated,n_cubicles,150.0,0.0,,👩🏽‍🎓
1177,206,46,resource_use,start_treatment,130.29910135854522,,,,1.0,1.0,133,150,25.0,Be Treated,n_cubicles,150.0,0.0,,👩🏽‍🎓
1178,206,46,resource_use,start_treatment,130.29910135854522,,,,1.0,1.0,134,150,25.0,Be Treated,n_cubicles,150.0,0.0,,👩🏽‍🎓
1179,206,46,resource_use,start_treatment,130.29910135854522,,,,1.0,1.0,135,150,25.0,Be Treated,n_cubicles,150.0,0.0,,👩🏽‍🎓
1180,206,46,resource_use,start_treatment,130.29910135854522,,,,1.0,1.0,136,150,25.0,Be Treated,n_cubicles,150.0,0.0,,👩🏽‍🎓
1181,206,46,resource_use,start_treatment,130.29910135854522,,,,1.0,1.0,137,150,25.0,Be Treated,n_cubicles,150.0,0.0,,👩🏽‍🎓
1182,206,46,resource_use,start_treatment,130.29910135854522,,,,1.0,1.0,138,150,25.0,Be Treated,n_cubicles,150.0,0.0,,👩🏽‍🎓
1183,206,46,resource_use,start_treatment,130.29910135854522,,,,1.0,1.0,139,150,25.0,Be Treated,n_cubicles,150.0,0.0,,👩🏽‍🎓
1184,224,49,resource_use,start_treatment,141.60272312295294,,,,1.0,1.0,142,150,25.0,Be Treated,n_cubicles,150.0,0.0,,🧕🏾
1185,224,49,resource_use,start_treatment,141.60272312295294,,,,1.0,1.0,143,150,25.0,Be Treated,n_cubicles,150.0,0.0,,🧕🏾
1186,230,50,resource_use,start_treatment,143.5333498324559,,,,1.0,1.0,144,150,25.0,Be Treated,n_cubicles,150.0,0.0,,👨🏻‍🦯
1187,230,50,resource_use,start_treatment,143.5333498324559,,,,1.0,1.0,145,150,25.0,Be Treated,n_cubicles,150.0,0.0,,👨🏻‍🦯
1188,230,50,resource_use,start_treatment,143.5333498324559,,,,1.0,1.0,146,150,25.0,Be Treated,n_cubicles,150.0,0.0,,👨🏻‍🦯
1189,230,50,resource_use,start_treatment,143.5333498324559,,,,1.0,1.0,147,150,25.0,Be Treated,n_cubicles,150.0,0.0,,👨🏻‍🦯
1190,230,50,resource_use,start_treatment,143.5333498324559,,,,1.0,1.0,148,150,25.0,Be Treated,n_cubicles,150.0,0.0,,👨🏻‍🦯
1191,230,50,resource_use,start_treatment,143.5333498324559,,,,1.0,1.0,149,150,25.0,Be Treated,n_cubicles,150.0,0.0,,👨🏻‍🦯
1192,230,50,resource_use,start_treatment,143.5333498324559,,,,1.0,1.0,150,150,25.0,Be Treated,n_cubicles,150.0,0.0,,👨🏻‍🦯
1193,230,50,resource_use,start_treatment,143.5333498324559,,,,1.0,1.0,151,150,25.0,Be Treated,n_cubicles,150.0,0.0,,👨🏻‍🦯
1194,230,50,resource_use,start_treatment,143.5333498324559,,,,1.0,1.0,152,150,25.0,Be Treated,n_cubicles,150.0,0.0,,👨🏻‍🦯
1195,266,58,resource_use,start_treatment,163.20670809264743,,,,1.0,1.0,164,150,25.0,Be Treated,n_cubicles,150.0,0.0,,👧🏼
1196,266,58,resource_use,start_treatment,163.20670809264743,,,,1.0,1.0,165,150,25.0,Be Treated,n_cubicles,150.0,0.0,,👧🏼
1197,272,59,resource_use,start_treatment,165.46894989363494,,,,1.0,1.0,166,150,25.0,Be Treated,n_cubicles,150.0,0.0,,🤷🏿‍♂️
1198,272,59,resource_use,start_treatment,165.46894989363494,,,,1.0,1.0,167,150,25.0,Be Treated,n_cubicles,150.0,0.0,,🤷🏿‍♂️
1199,272,59,resource_use,start_treatment,165.46894989363494,,,,1.0,1.0,168,150,25.0,Be Treated,n_cubicles,150.0,0.0,,🤷🏿‍♂️
1200,272,59,resource_use,start_treatment,165.46894989363494,,,,1.0,1.0,169,150,25.0,Be Treated,n_cubicles,150.0,0.0,,🤷🏿‍♂️
1201,272,59,resource_use,start_treatment,165.46894989363494,,,,1.0,1.0,170,150,25.0,Be Treated,n_cubicles,150.0,0.0,,🤷🏿‍♂️
1202,272,59,resource_use,start_treatment,165.46894989363494,,,,1.0,1.0,171,150,25.0,Be Treated,n_cubicles,150.0,0.0,,🤷🏿‍♂️
1203,272,59,resource_use,start_treatment,165.46894989363494,,,,1.0,1.0,172,150,25.0,Be Treated,n_cubicles,150.0,0.0,,🤷🏿‍♂️
